0xD4EFB4,0xCBE6AD,0xCFE9B1,0xCEE9B0,0xD0EAB2,0xCDE8AE,0xD0EAB1,0xCDE8AF,0xD0EAB1,0xCDE7AF,0xD0EBB1,0xCDE8AF,0xCFEAAF,0xD0E6B6,0xF7F5F7,0xCED5CB,0x27551A,0x2E5E1D,0x5A8D36,0x548734,0x2B5C1D,0x2A521D,0x272826,0x262626,0x262527,0x272C26,0x29571C,0x2E5E1F,0x5A8F36,0x548035,0x212120,0x3F3F3F,0xEFEEEF,0xEBEEE9,0xCFE9B4,0xCEE9B0,0xCEE9B0,0xCFE8B0,0xCFEAB1,0xCDE8AF,0xCEE9B0,0xCFE9B0,0xCFEBB1,0xCDE9B0,0xCDE9AF,0xD1EAB6,0xEEEFED,0xEDEDED,0xEEEDEE,0xE7EAE5,0x639242,0x568A34,0x588C36,0x5C8F36,0x81B54A,0x85B84B,0x83B74A,0x85B94D,0x84B84C,0x84B74C,0x86BB4B,0x80B04A,0x2B2E28,0x262526
0xD8F4B8,0xCEE9AF,0xD2EEB2,0xD0EDB2,0xD2EFB4,0xCFEBB1,0xD3EFB3,0xD2ECB1,0xD4EEB3,0xD0ECB2,0xD2F0B3,0xD0ECB1,0xD2EEB2,0xD3EAB8,0xFAF8FB,0xD0D7CD,0x275718,0x305E1E,0x5B8F36,0x568934,0x2B5D1C,0x2A541D,0x282826,0x272726,0x262627,0x272E26,0x29581B,0x2F5E1E,0x5B9236,0x558236,0x222121,0x404141,0xF2F2F3,0xEEF0EB,0xD3EDB5,0xD1EDB1,0xD1EEB3,0xD1EDB3,0xD2EEB2,0xD1EBB0,0xD1ECB2,0xD1EDB1,0xD2EEB2,0xD0EBB0,0xD0ECAE,0xD4EDB6,0xF1F1F0,0xEFF0F0,0xF2F1F3,0xEBEEEA,0x659443,0x578D33,0x598D35,0x5C9137,0x83B94A,0x86BD4A,0x84BD4A,0x87BD4B,0x87BD49,0x86BC4A,0x86BF4B,0x81B44A,0x2C2F28,0x272628
0xD4F1B5,0xCCE7AC,0xCFECAF,0xCCEBB0,0xD2EEB2,0xC0E7AD,0x7AE3A3,0x7AE0A1,0x78E2A2,0x86E2A2,0xD0EFB3,0xCDEAAF,0xCFECAF,0xD1E8B5,0xF7F5F7,0xCDD5CA,0x265717,0x2F5E1E,0x5A8E35,0x548834,0x2B5C1B,0x29531C,0x272827,0x262626,0x252426,0x2C3127,0x538432,0x528531,0x5A9037,0x538035,0x222120,0x3F3F40,0xEFEEF0,0xEBEDE8,0xD0EAB2,0xCEEBAF,0xCEEBB1,0xCEEBB1,0xD0EBB0,0xCEE9AF,0xCEEAAE,0xD1EBB5,0xE8EEE3,0xE8EBE3,0xE8EBE3,0xE9ECE3,0xF0EEF0,0xE7E9E5,0x769E5C,0x6E9A4D,0x7EB148,0x7EB447,0x7DB346,0x7CB346,0x639739,0x5C8D36,0x36402B,0x343A2A,0x343A2A,0x36412C,0x5E8F38,0x5D8E39,0x292D27,0x272627
0xD6F3B7,0xCEE8AE,0xD2EDB1,0xCFECB2,0xD5EEB4,0xC0E9AD,0x68E5A2,0x69E29F,0x65E5A2,0x77E3A2,0xD3EEB4,0xD0EAB0,0xD1EDB1,0xD2EAB8,0xFBF8FB,0xD0D8CE,0x265819,0x2F5F1F,0x5B8F36,0x558934,0x2B5D1C,0x29541D,0x272826,0x272727,0x252426,0x2E3329,0x5C8F38,0x5B8E37,0x5C9137,0x568236,0x1E201E,0x3E3E3E,0xF2F1F2,0xEFF1EB,0xD2ECB5,0xD0EDB0,0xD0ECB2,0xD1ECB2,0xD2EDB2,0xD0EAB0,0xCFEBAF,0xD3ECB6,0xF1F1F1,0xF0EEF1,0xF3F2F4,0xF3F3F5,0xF5F4F5,0xECECE7,0x5D903C,0x548C2D,0x85BB4A,0x88BD4C,0x88BD4C,0x86BB4C,0x5E9038,0x558534,0x262726,0x232126,0x222025,0x262924,0x588736,0x578737,0x262A25,0x252424
0xD4F0B3,0xCAE7AD,0xCEEAAF,0xCCE9AE,0xD2ECB1,0xBEE6AB,0x6BE2A1,0x6BE09F,0x68E1A0,0x79E0A1,0xCFECB2,0xCCE9AF,0xCDEBAF,0xCFE7B5,0xF7F4F7,0xCDD4CA,0x265716,0x2F5E1D,0x598D34,0x538733,0x2B5C1C,0x29521D,0x272826,0x262726,0x252325,0x2C3228,0x598E35,0x548132,0x293222,0x43483E,0xCFCFCF,0xD2D1D1,0xEEEDEE,0xEAECE8,0xCFE9B2,0xCDEAAF,0xCDEAB0,0xCEE9B0,0xCEEBAF,0xCFE8B3,0xE6ECE1,0xE8ECE4,0xF1F1F2,0xDBDFDA,0x49703E,0x4A713C,0x6F9952,0x709C4F,0x7CB148,0x7DB348,0x619738,0x5C8E38,0x36412B,0x333A29,0x2E3728,0x2D3528,0x262625,0x292D26,0x507A34,0x507A34,0x2C3923,0x383F32,0xC6C7C5,0xD7D7D7
0xD7F4B6,0xCEEAB0,0xD1EEB3,0xD0ECB2,0xD6EFB4,0xC1E9AE,0x6CE5A3,0x6CE3A1,0x6AE4A2,0x7BE2A3,0xD3EFB5,0xCFECB2,0xD1EFB2,0xD3EBB8,0xFAF8FB,0xD0D7CD,0x275717,0x2F5F1E,0x5B8F36,0x558935,0x2C5C1C,0x2A531D,0x282827,0x272727,0x252427,0x2C3228,0x5C9037,0x558234,0x1F1F20,0x403E41,0xF8F8F8,0xF4F5F3,0xF1F1F2,0xEDF0EB,0xD3ECB5,0xD0EEB2,0xD0EDB3,0xD2ECB4,0xD1EDB1,0xD1ECB7,0xF0F0EF,0xF0EFF1,0xF6F6F7,0xDCE2DB,0x265819,0x275816,0x54892F,0x578E2F,0x83B949,0x86BC4C,0x5C9236,0x558635,0x272924,0x232025,0x252327,0x252427,0x262527,0x2A2E27,0x598D36,0x598C38,0x242622,0x322E34,0xEBEBEB,0xFFFFFF
0xD8F1B6,0xC0E6AC,0x78E3A3,0x78E2A2,0x7AE5A4,0x76E0A0,0x6CE3A0,0x6CE09F,0x68E2A2,0x79E1A1,0xD1EDB2,0xCEE9AE,0xCFEBAF,0xD1E7B6,0xF7F5F8,0xCED4CB,0x275718,0x2F5E1E,0x5A8E35,0x548834,0x2B5C1B,0x29541D,0x252526,0x2B3027,0x517E34,0x537F33,0x5B8F36,0x548235,0x212220,0x403F3F,0xEEEDEE,0xE7EAE3,0xD3EBB9,0xD3EAB8,0xD0EBB1,0xCFEAAF,0xCEEBAF,0xD1EAB5,0xE9EDE3,0xE8EBE4,0xF1EFF0,0xDFE2DC,0x4A703E,0x487138,0x78AC45,0x7AAE46,0x81B74A,0x7CAF48,0x38442B,0x313929,0x2E3529,0x2D3627,0x2B511D,0x2A541D,0x2B531D,0x2A501D,0x252825,0x292C26,0x568834,0x568835,0x252922,0x323133,0xE1E1E0,0xF5F5F5
0xDAF2B7,0xBEE8AC,0x66E4A0,0x67E2A1,0x68E5A2,0x67E19E,0x6CE5A1,0x6CE19F,0x68E3A2,0x7AE2A2,0xD2EEB3,0xCFEAAF,0xD0EDB0,0xD1EAB7,0xF9F7FA,0xCFD6CC,0x275818,0x2F601E,0x5B8E34,0x558832,0x2B5D1D,0x2A541E,0x262526,0x2C3228,0x5B9035,0x5A9033,0x5C9036,0x558135,0x1F201E,0x3E3E3E,0xF1F0F1,0xEAEEE5,0xCFECB0,0xCFECAF,0xD1ECB2,0xD0EBB0,0xCEECAF,0xD2EBB6,0xF0EFEF,0xEEECEF,0xF4F4F5,0xDEE4DD,0x28571A,0x2B5D16,0x86BA49,0x88BE4B,0x89BF4D,0x83B54B,0x2A2C27,0x221F25,0x252426,0x242726,0x2A571D,0x2B5B1A,0x2B5B1C,0x2A581C,0x252625,0x292B26,0x588934,0x578A36,0x242722,0x313031,0xE4E4E4,0xF9F9F9
0xD6F0B4,0xBDE4A9,0x69E19F,0x69DF9F,0x6AE2A1,0x68DE9E,0x69E2A0,0x69DE9E,0x66E1A0,0x78E0A0,0xCFEBB0,0xCCE8AD,0xCDEBAE,0xCEE7B4,0xF5F4F6,0xCCD3C9,0x265517,0x2E5C1E,0x598E35,0x538234,0x272F24,0x262B24,0x252227,0x2B3027,0x598D34,0x548133,0x293122,0x3F463A,0xD0D0D0,0xD5D5D5,0xEEEDEE,0xE6EAE1,0xCDE9B0,0xCDEAAF,0xCDE9AE,0xCFE9B2,0xE7ECE0,0xE8EBE3,0xF1F0F0,0xDEDFDB,0x486E3E,0x477138,0x78A946,0x79AC46,0x84BB48,0x7CAC47,0x353D2B,0x323829,0x272926,0x272927,0x294F1E,0x2A531D,0x29581B,0x2A561D,0x262E24,0x283024,0x507931,0x517C34,0x2C3625,0x373D33,0xC8C9C8,0xD6D6D6,0xE9E9E9,0xF3F3F3
0xDAF5B9,0xC0E9AD,0x6DE3A0,0x6DE29F,0x6EE5A3,0x6CE1A1,0x6DE5A3,0x6DE2A1,0x6AE5A2,0x7BE4A1,0xD3F1B5,0xD0EDB1,0xD1F0B3,0xD3EBB9,0xFBF9FC,0xD0D8CE,0x27571A,0x305E20,0x5B9136,0x558336,0x282727,0x272627,0x262626,0x2C3327,0x5C9037,0x558335,0x201E21,0x3D3B3E,0xF5F6F5,0xF5F6F5,0xF3F3F4,0xEAEEE6,0xD1ECB4,0xD1EDB3,0xD1EDB3,0xD4ECB9,0xF0F1EF,0xF0F0F2,0xF5F4F5,0xDEE2DD,0x28581B,0x2C5E18,0x87BB4C,0x88BD4D,0x87BE4B,0x7DAA49,0x272626,0x232225,0x272726,0x272A26,0x2A581C,0x2A5D1C,0x2A5B1B,0x2B571D,0x272627,0x2A2A28,0x598E34,0x5B8D36,0x252524,0x333034,0xEDEDED,0xFBFBFB,0xEFEFEF,0xF7F8F7
0xD4F2B5,0xC9E9AC,0xC2EBAF,0xC1EAB0,0xC3ECB1,0xC0E9AD,0xC3EBB0,0xC2E7AE,0xC2EBB1,0xC2E8AF,0xD0EDB2,0xCDEAAF,0xCEEDAF,0xD2EAB8,0xF2F1F2,0xE8E9E7,0xDBE0DA,0xC1CCBE,0x336321,0x2F5920,0x252425,0x2F3529,0x7AA949,0x719F43,0x31631F,0x2E5920,0x272626,0x2A3029,0x3D662E,0x577A4C,0xF0F0F1,0xEDEDEC,0xEBF0E6,0xEAEFE4,0xEBEEE5,0xEAEDE6,0xF2F2F2,0xE0E3DF,0x496F3E,0x426D33,0x538533,0x588B35,0x85BC4A,0x7CAE45,0x343E2A,0x30372A,0x272827,0x262A26,0x2A4E1E,0x2A531E,0x2A591D,0x2A591C,0x2A5A1B,0x2A581D,0x252825,0x292B27,0x578734,0x598836,0x262823,0x323232,0xE4E4E4,0xEFF0ED,0xD2EAB8,0xD8F1BD
0xD6F2B5,0xCCE9AD,0xD3EDB1,0xD2ECB1,0xD3EEB2,0xD1EAAE,0xD4EEB1,0xD3E9B0,0xD4EEB2,0xD0EAAF,0xD2ECB1,0xCFEBB0,0xD0EDB0,0xD4EAB9,0xF1F1F1,0xECEDED,0xFBFAFC,0xDCE0DC,0x2C5D1D,0x28531C,0x242426,0x31372A,0x8AC14E,0x7DB446,0x2B5C1B,0x28521C,0x272728,0x272D26,0x1F510F,0x3E6930,0xEFEFEE,0xEDEDED,0xEFEFF1,0xEFEEF0,0xF0EEF1,0xEEEDF0,0xF2F1F3,0xDDE2DC,0x2B5A1D,0x275916,0x598C35,0x5F9238,0x86BC4B,0x7BAA47,0x262624,0x242127,0x272626,0x262925,0x2A561C,0x2B5B1C,0x2A591B,0x2A591B,0x2B5A1A,0x2A571C,0x262926,0x292C28,0x588935,0x5A8A37,0x262A24,0x343334,0xE6E5E6,0xF0F3EE,0xCEEAAF,0xD4F1B4
0xD4EFB5,0xCBE5AC,0xCDEAAE,0xCBEAAF,0xD1ECB0,0xC0E6AC,0x72E3A2,0x82E1A2,0xCFECB1,0xCBE8AF,0xCEEAAD,0xD1E8B6,0xEBEEE8,0xE6E9E3,0xF6F4F6,0xD1D6CE,0x3C6730,0x416B33,0x558732,0x4F8231,0x27511C,0x335E20,0x83B949,0x82B647,0x7CB046,0x6FA23F,0x27521C,0x325B20,0x7BB245,0x72A044,0x3E3D3E,0x3E3D3E,0x3A3A39,0x4A4B49,0xEAEAE9,0xE3E6E2,0x466E3B,0x436F33,0x79AD46,0x7AAE44,0x7FB648,0x78A844,0x343D2B,0x2F3629,0x272725,0x272B25,0x2A511D,0x29541C,0x2A581A,0x2A591B,0x2A591C,0x2A591B,0x29581A,0x2C5A1D,0x507F32,0x527C34,0x2A3325,0x353B32,0xCACCCA,0xD8D8D8,0xEBEAEC,0xECEDEA,0xCEE8B1,0xD3EFB4
0xD7F4B8,0xCEE8AE,0xD1EEB1,0xCFEEB2,0xD5EFB4,0xC0E9AE,0x65E5A2,0x77E4A3,0xD3EFB4,0xCFECB2,0xD2EFB3,0xD5EABB,0xF3F3F5,0xECEDED,0xF8F6F8,0xCFD5CB,0x235312,0x2C5D1A,0x5D9038,0x588B36,0x2A5B1B,0x366722,0x85BB4A,0x86BA4A,0x8CC14E,0x7DB247,0x295B1C,0x356521,0x8CC24D,0x7BAB48,0x232421,0x222322,0x1D1F1D,0x313231,0xEBEAEA,0xE2E6E1,0x2B591D,0x2C5E17,0x87BB4C,0x88BE4A,0x87BE4B,0x7DAE48,0x272727,0x232225,0x272527,0x262C27,0x2B5A1D,0x2A5D1B,0x2A5A1B,0x2A5B1C,0x2A5B1C,0x2B5A1C,0x2A591C,0x2D5D1D,0x598E36,0x598C37,0x272825,0x333135,0xEAEBEA,0xF9F9F9,0xF0F0F0,0xEFF1EC,0xD2EBB4,0xD6F3B7
0xD5F2B5,0xCBE8AE,0xD2EDB2,0xC1EBAF,0x77E5A3,0x74E1A1,0x67E5A0,0x79E2A1,0xD0EDAF,0xD2EAB9,0xEDF1EA,0xE8ECE6,0xF8F5F8,0xD1D7CF,0x3D6731,0x497435,0x7EB347,0x77AB44,0x588D35,0x5C8F36,0x7AAF45,0x76AB43,0x5E9237,0x619638,0x86BB49,0x7FB346,0x538633,0x588B34,0x84BB49,0x83B74A,0x7DAC47,0x74A245,0x558534,0x537C35,0x3F413D,0x3C3F3C,0x2B561C,0x32621F,0x84B949,0x7DAF47,0x333B2A,0x2E342A,0x282927,0x272727,0x262526,0x262B25,0x2A581C,0x2A5A1B,0x2A581A,0x2B591B,0x2A581B,0x2C5B1B,0x52852F,0x538433,0x2B3324,0x343931,0xCDCECC,0xDBDCDB,0xEBEBEB,0xECEEEA,0xD4EABA,0xD3EDB7,0xCFEBAF,0xD5F1B5
0xD5F2B5,0xCBE8AE,0xD3EDB3,0xC0EAB0,0x6AE3A1,0x6ADFA0,0x6AE3A2,0x7BE1A2,0xD0EDAF,0xD3E9BA,0xF2F0F3,0xECECED,0xF5F4F5,0xCAD3C6,0x205212,0x36661E,0x8BC24D,0x82B749,0x5A8E34,0x5E9237,0x88BE4C,0x82B749,0x598D34,0x5D9137,0x86BB4A,0x81B548,0x5B9036,0x5F9337,0x84BA48,0x84BB49,0x8AC24B,0x81B647,0x5C9335,0x588833,0x232721,0x212521,0x2A561C,0x336320,0x84B948,0x7CAE46,0x282A25,0x242326,0x272727,0x262626,0x272527,0x262B25,0x2A581B,0x2A5A1C,0x2B5A1C,0x2C5B1D,0x2B5A1C,0x2D5C1C,0x578B33,0x5A8A37,0x272927,0x323034,0xE9E9E9,0xF7F7F7,0xEEEEED,0xECEFE7,0xD0EBB2,0xCFECB1,0xCEEAB0,0xD6EFB6
0xD4EFB4,0xCBE5AB,0xCFEAAE,0xCCE9AF,0xC4EAAE,0xC2E6AB,0xC3E9AF,0xC4E7AF,0xCFEBAE,0xD0E7B6,0xF4F3F5,0xD1D9D0,0x3B642F,0x487234,0x7EB248,0x7CB047,0x85B94A,0x83B747,0x80B448,0x7FB448,0x85B949,0x83B748,0x81B547,0x80B447,0x85B949,0x83B84A,0x81B64A,0x7AAF44,0x5D9036,0x61963A,0x84BA4A,0x82B549,0x80B548,0x79AC45,0x2D571F,0x31591F,0x78AB44,0x79AE45,0x5E9237,0x5F9236,0x7BAB45,0x739E44,0x292B27,0x252526,0x262726,0x262726,0x262B24,0x283024,0x507F31,0x558833,0x548732,0x528233,0x2B3525,0x343A31,0xCDCECC,0xDADBDB,0xE9E8E9,0xEAEDE9,0xD2EAB8,0xD2EAB7,0xE8ECE3,0xEAEDE8,0xE7EAE3,0xEFF2EC
0xD8F4B7,0xCEEAAF,0xD2EEB2,0xD1EEB2,0xD6EFB5,0xD3EBB1,0xD6EEB4,0xD4ECB4,0xD1EFB1,0xD3EAB9,0xFBF9FC,0xD2D9CF,0x205212,0x36681F,0x8CC34E,0x87BD4B,0x87BE4C,0x86BC49,0x88BE4B,0x87BD4C,0x87BD4A,0x86BD49,0x89BF4B,0x87BC4A,0x87BD4A,0x86BB4B,0x8AC04D,0x82B647,0x588C35,0x5E9238,0x87BE4B,0x85BA4B,0x89C04C,0x81B648,0x2B5D1C,0x2F601E,0x86BC4A,0x85BD4A,0x5A8D36,0x5B8F35,0x8BC34B,0x82B349,0x2A2B28,0x252527,0x262627,0x272526,0x252326,0x282927,0x588935,0x5D9437,0x5D9237,0x5B8C38,0x222521,0x2D2C2F,0xEAEAEA,0xF9F9F9,0xF0EFF1,0xF0F2EF,0xD1EDB2,0xD1EDB2,0xF0F1EE,0xF4F2F4,0xF4F2F4,0xFCFBFD
0xD5F0B5,0xCCE7AD,0xCFECAF,0xCDEBB0,0xCFECB2,0xCCE8AF,0xCEEBAF,0xD1E9B6,0xEBEFE4,0xE6EAE0,0xF6F5F7,0xD0D7CD,0x275519,0x3A6925,0x87BD4B,0x83B849,0x84BB4B,0x84B949,0x85B94A,0x84B94B,0x85BB4A,0x84BA49,0x85BB4A,0x84B848,0x85BA49,0x84B84B,0x85BB4A,0x83B748,0x7EB346,0x7EB347,0x86BB49,0x83B64A,0x84BA49,0x83B848,0x76AA44,0x76AA43,0x84B949,0x83B949,0x7FB548,0x77AC43,0x3B6C25,0x376423,0x2A511D,0x2D541F,0x507A32,0x517C32,0x517D32,0x4F7A34,0x313B2A,0x2F362A,0x2D3527,0x363F31,0xC2C3C2,0xD2D2D2,0xEAEAEA,0xECEDEC,0xEDECED,0xEFEEEE,0xE8EDE3,0xE8ECE3,0xEFF0EF,0xE4E7E3,0x527846,0x4A743E
0xD7F2B7,0xCDE8AE,0xD2EDB1,0xCFECB1,0xD1EEB3,0xCFEAB0,0xD1EDB0,0xD4EBB9,0xF3F1F4,0xEEEDEF,0xFBF9FB,0xD4DAD0,0x245417,0x376923,0x88BF4C,0x84BB49,0x86BD4C,0x86BA49,0x86BC4A,0x85BC4B,0x87BD49,0x85BC49,0x86BD4A,0x86BA49,0x86BC4A,0x85BB4B,0x87BD49,0x85BB48,0x87BE4A,0x86BC4B,0x86BD4A,0x85B94B,0x86BC48,0x86BC4A,0x89C04E,0x89BF4C,0x85BB4B,0x85BB4B,0x8BC14E,0x80B548,0x29591A,0x265619,0x295A1A,0x2F5F1B,0x5B9235,0x5D9437,0x5E9537,0x5A8E37,0x252722,0x211E23,0x1F1D20,0x2C2A2D,0xE9E8E9,0xFBFBFB,0xEFEFEF,0xEFEFEF,0xEEEEEE,0xF0F1F0,0xF4F2F5,0xF3F1F4,0xF4F3F5,0xE5E8E4,0x2B5B1D,0x1F510E
0xD2EFB3,0xC9E5AC,0xCDE9AF,0xCCE8AE,0xCEEAAF,0xCBE7AD,0xCDEAAE,0xCFE8B5,0xF1F0F2,0xD6DED1,0x6F9A51,0x709B4E,0x75AA43,0x76AB43,0x84BB4C,0x82B74A,0x83BB48,0x83B748,0x84B849,0x82B949,0x83B94B,0x82B849,0x84BA48,0x83B748,0x83B948,0x82B848,0x84B94B,0x82B848,0x82BA47,0x82B848,0x84BA48,0x83B648,0x83B94A,0x82B849,0x83B849,0x82B748,0x84BA49,0x7DB247,0x3B6A22,0x386923,0x518331,0x518432,0x528432,0x4E7F2F,0x32621F,0x305C20,0x2B3525,0x343B2F,0xC0C0BF,0xD0D1D0,0xCBCBCB,0xCDCDCD,0xE6E6E6,0xEBEBEB,0xECECEC,0xEAEAEA,0xECECED,0xE3E5E2,0x507443,0x4C753C,0xB0D78C,0xB7DD92,0xB3D297,0xB9D89D
0xD8F4B7,0xCEEAB0,0xD2EEB3,0xD1EDB2,0xD3EFB3,0xCFECB1,0xD2EFB2,0xD4ECB9,0xF8F7F9,0xD6DFD0,0x52882B,0x5D9234,0x8CC250,0x88BF4E,0x88BE4D,0x85BA4B,0x87BF4A,0x86BB4A,0x87BC4B,0x86BD4B,0x87BD4D,0x86BC4B,0x87BE4B,0x87BB4A,0x87BD49,0x86BC4A,0x87BD4D,0x85BB4A,0x86BE4A,0x86BC4A,0x88BE4A,0x86BA4A,0x86BD4C,0x86BC4B,0x87BD4B,0x86BB4B,0x88BE4B,0x7EB449,0x2B5A19,0x2A5B1B,0x5C8F35,0x5C9037,0x5D9138,0x578B34,0x295919,0x27521B,0x212121,0x2C2A2D,0xE8E8E8,0xFDFDFD,0xF8F8F8,0xF7F7F8,0xF0EFEF,0xF1F1F1,0xF1F1F1,0xEFEFEF,0xF4F4F5,0xE8EAE7,0x2D5A1D,0x295B16,0xA5D678,0xB1E083,0xD3F0B3,0xDEF9BE
0xD5F0B4,0xCCE6AC,0xCFEBB0,0xCEEAB0,0xD0ECB2,0xCDE8AE,0xD0EBAF,0xD1E8B6,0xF4F3F5,0xD4DCCE,0x5A8E35,0x558834,0x346520,0x447427,0x87BD4B,0x83B948,0x84BC4B,0x84B849,0x85B94A,0x84B94A,0x86B94A,0x85B849,0x86BA4A,0x84B849,0x85B949,0x84B84B,0x86BA4A,0x84B748,0x85B949,0x85B849,0x86BB4A,0x84B74A,0x84BB49,0x84B94A,0x85B94B,0x84B94A,0x85BA4A,0x80B547,0x558934,0x4F812F,0x32621F,0x316220,0x2D5F1D,0x3F6B2F,0xCBD4C7,0xD1D7D0,0xD0D0CF,0xD0D0D0,0xE8E8E8,0xECEDEB,0xD3E7BA,0xD3E8B8,0xEBEBE8,0xEDEDEE,0xF0EFF0,0xE3E5E1,0x4F7343,0x4B743C,0x95C36E,0x9ECC74,0xC7E5A4,0xCCEAAC,0xCCE7AD,0xD3EFB4
0xD6F3B6,0xCDEAAE,0xD1EEB1,0xCFEDB1,0xD1EFB3,0xCEEBAF,0xD0EEB0,0xD3EBB7,0xF7F6F8,0xD6DED1,0x5B8F34,0x528732,0x225116,0x356521,0x89C04D,0x85BA4A,0x86BC4B,0x85BA48,0x86BB4A,0x85BB4B,0x86BC4A,0x85BB49,0x86BC4A,0x85BA49,0x86BB49,0x84BB4B,0x86BC4A,0x84BA48,0x85BC49,0x85BA4B,0x86BD4A,0x85B84B,0x85BC49,0x85BB4A,0x85BC4B,0x84BB4A,0x86BC4A,0x81B848,0x5E9338,0x568B33,0x2A5A1B,0x29581B,0x255516,0x3B662E,0xF2F1F0,0xF9F6FA,0xF8F8F8,0xF6F7F6,0xEFEFF0,0xF0F1EF,0xD1ECB3,0xD0EBAF,0xECEEE9,0xF0F0F1,0xF4F4F4,0xE5E8E3,0x2B591C,0x285B17,0xA9DA7D,0xB5E387,0xCEEBAE,0xD2EEB4,0xCFECB0,0xD6F2B7
0xD3F0B3,0xCAE7AC,0xCEEBAE,0xCCEAAF,0xCEECB0,0xCBE8AD,0xCDEBAE,0xCFE8B4,0xF5F4F6,0xCFD5CC,0x285A16,0x467137,0xDADFD8,0xB7C5B2,0x32621E,0x437228,0x86BC4A,0x83B847,0x84B949,0x83B94A,0x84BA49,0x83B947,0x84BA49,0x84B748,0x84B948,0x83B84A,0x85BA49,0x83B847,0x84BA48,0x83B949,0x84BB49,0x83B749,0x83BA48,0x83B949,0x84BA4A,0x83B949,0x84BA49,0x7FB647,0x5A8E35,0x568A32,0x538732,0x4F7E31,0x242D1F,0x383E35,0xE7E7E7,0xEAEDE6,0xD1E7B7,0xD0E7B7,0xD0E8B5,0xD4EBBA,0xE7EDE1,0xE8ECE3,0xEEEDED,0xE4E7E2,0x4F7343,0x477039,0x94C26D,0x9FCC76,0xC4E4A3,0xC8E7A7,0xCBE9AE,0xCDEBAF,0xCBE9AD,0xD3EFB4
0xD8F3B7,0xCEE9AF,0xD2EEB2,0xD1EDB3,0xD3EFB4,0xD0EBB0,0xD2EEB2,0xD4EBB9,0xF9F9FA,0xD1D8CF,0x205211,0x466F3A,0xFFFFFF,0xD4DBD2,0x215216,0x376622,0x88C04D,0x86BB4A,0x87BC4A,0x86BC4C,0x87BC4B,0x86BB49,0x88BC4B,0x86BB4A,0x87BD4A,0x86BB4A,0x87BC4B,0x86BA48,0x87BD4A,0x86BC4C,0x88BD4D,0x85BB4B,0x86BE49,0x86BC4B,0x86BD4C,0x86BC4B,0x87BD4B,0x82B949,0x5C9037,0x598D35,0x5D9337,0x588836,0x242523,0x383639,0xECECED,0xEFF2EB,0xD1EDB2,0xD0EDB0,0xCFEBAF,0xD3EDB5,0xEFF0ED,0xF1EFF2,0xF2F2F2,0xE6EBE5,0x2E5D21,0x295B18,0xABD97D,0xB7E589,0xD0ECB1,0xD3ECB4,0xD1ECB2,0xD2EFB4,0xD1EDB0,0xD7F3B8
0xD5F1B4,0xCBE8AE,0xCFEBB0,0xCEEAAF,0xD0ECB1,0xCDE9AE,0xCFECAF,0xD0E8B6,0xF6F6F6,0xCDCDCD,0x242B22,0x2B3129,0x434343,0x3D3F3C,0x242924,0x36442A,0x86BC4C,0x84B849,0x85B949,0x84BA4A,0x85B94C,0x84B94A,0x85BB4A,0x84B849,0x85BA49,0x84B849,0x87BB4C,0x7FB248,0x629538,0x5B8D34,0x356521,0x3F7126,0x84BB4B,0x85BB4A,0x84BA4A,0x84B94A,0x84B94A,0x84B949,0x80B448,0x7AAE45,0x5A9035,0x568434,0x242522,0x383738,0xE9E8EA,0xECEEE9,0xD0EAB1,0xD0E9B3,0xE6ECDF,0xEAEEE7,0xF0EFEF,0xE4E8E4,0x4F7343,0x476E37,0x75A846,0x7EB04B,0xC3E2A1,0xCBE9AB,0xCDEBAF,0xCEE9B0,0xCEEAAF,0xCFECB2,0xCDEAAF,0xD5F0B5
0xD6F3B6,0xCDE9AF,0xD1EDB2,0xD0ECB1,0xD2EEB3,0xCEEBB0,0xD1EEB1,0xD2EAB8,0xF9F9F8,0xCECECE,0x252325,0x252427,0x212021,0x222221,0x242026,0x353D2B,0x88BF4C,0x85BA49,0x87BB4A,0x85BC4B,0x86BB4C,0x86BA4A,0x86BD4B,0x86BA49,0x86BC49,0x85BA4A,0x89BC4C,0x7FB347,0x5B8E36,0x538531,0x255419,0x33621F,0x85BB4D,0x86BB4B,0x86BC4A,0x86BB4B,0x85BB4B,0x85BB4A,0x89BD4D,0x82B84A,0x5C9236,0x568534,0x242523,0x383738,0xEBEBEC,0xEFF1EC,0xD1ECB2,0xD2EAB4,0xEDEEEC,0xF2F0F3,0xF3F2F3,0xE5E9E4,0x2F5C21,0x275914,0x82B74A,0x8FC153,0xCCE8AC,0xD3EEB5,0xD0EDB1,0xD0EBB1,0xD0EBB1,0xD1EEB3,0xCFECB1,0xD6F2B6
0xD4F0B4,0xCBE6AC,0xCFEBAE,0xCEEAB0,0xCFECAF,0xD1E8B5,0xEBEFE8,0xE7EAE2,0xF7F6F6,0xCDCDCD,0x242224,0x272D25,0x2C571E,0x2B4D1F,0x232126,0x353D2B,0x86BD4B,0x84B848,0x85B94A,0x84B94A,0x85B949,0x84B948,0x85BB49,0x84B849,0x85B949,0x83B84A,0x88BC4B,0x7BAE44,0x2B5E19,0x436E33,0xDCE2D9,0xC0C7BE,0x303528,0x38422C,0x82B549,0x85BB4A,0x84B949,0x84BA49,0x86BA4B,0x7FB547,0x5B9135,0x558434,0x242622,0x373738,0xE9E9EA,0xEDEFE8,0xCFEAB0,0xCFE9B1,0xECEEEA,0xE6E9E6,0x4E7341,0x436D31,0x76AA44,0x7EB34A,0xA3D272,0xA9D77A,0xCAE7AB,0xD0EAB1,0xCEEAAF,0xCFE8AF,0xCEEAB0,0xCFECB2,0xCDEAAD,0xD4EFB5
0xD7F3B8,0xCEE9AF,0xD2EEB2,0xD0EDB3,0xD1EFB1,0xD4EBBB,0xF3F2F6,0xEDEDEF,0xF8F8F7,0xCFCFCE,0x252225,0x282F25,0x2C5F1C,0x2B541D,0x242125,0x363E2B,0x88BE4C,0x85BA4A,0x87BB4B,0x86BB4B,0x87BB4B,0x86BA4A,0x87BC4B,0x86BA4A,0x86BB4A,0x85B94C,0x8ABF4C,0x7CAF46,0x245515,0x426935,0xFDFCFE,0xDAD9DB,0x211F24,0x2C2E28,0x83B54C,0x87BC4C,0x85BB4C,0x85BC4B,0x87BD4C,0x81B649,0x5C9237,0x568635,0x232622,0x383738,0xECECED,0xF0F1EB,0xD2ECB1,0xD1ECB2,0xEFF1ED,0xE8EAE8,0x325E23,0x275814,0x82B749,0x8DC251,0xACDB7E,0xB1DE85,0xCDEAAE,0xD3EEB4,0xD1ECB1,0xD0ECB1,0xD0EDB1,0xD1EEB3,0xD0EDB1,0xD7F3B8
0xD5F0B5,0xCCE6AC,0xD0EBAF,0xCEEAB0,0xCFECAF,0xD0E8B7,0xF4F2F5,0xD9DFD4,0x6C994C,0x6C994B,0x7CAB47,0x6B9541,0x252925,0x2E3B27,0x537F34,0x598836,0x86BB4A,0x83B948,0x85B94A,0x85BA4A,0x85BA49,0x84B948,0x86BA4A,0x84B849,0x85BA48,0x83B84A,0x88BF4A,0x79A745,0x272D24,0x2A2F29,0x404141,0x3C3C3B,0x252426,0x2E332A,0x81B449,0x85BB49,0x85BA4A,0x81B749,0x619439,0x5E8F37,0x5A8F35,0x568534,0x232522,0x373738,0xE8E9E8,0xEFF0EE,0xEAEEE5,0xE8ECE4,0xEDEDED,0xE5E7E3,0x38632B,0x2D5D1B,0x7EB245,0x88BC4D,0xA9D87B,0xACDA7E,0xAFDB83,0xB0DB82,0x8FC059,0x8FC059,0xAEDB81,0xB3DD89,0xCCE8AB,0xD4F0B6
0xD6F4B7,0xCDEAAF,0xD1EEB1,0xD0EDB3,0xD1EFB2,0xD3EAB8,0xF7F6FA,0xD9E0D3,0x548B2F,0x5D9334,0x8DC84F,0x79A947,0x221D24,0x2D3329,0x5A9237,0x609738,0x8AC14D,0x87BE4B,0x86BD4B,0x86BC4A,0x86BD4A,0x85BC49,0x87BD4A,0x85BB4A,0x86BD49,0x85BA4A,0x89C24B,0x79A946,0x282628,0x262427,0x212021,0x212121,0x252426,0x2E332A,0x82B64B,0x86BE49,0x86BC4A,0x82B848,0x5A8F36,0x578C33,0x5B9035,0x568636,0x242623,0x393839,0xEBEBEB,0xF2F2F2,0xF2F1F3,0xF0F0F1,0xF6F5F7,0xEDEFEC,0x366229,0x2A5C19,0x80B747,0x8BC04F,0xABDA7C,0xAEDC7F,0xAEDC7E,0xADDC7D,0x87BD4A,0x87BE4A,0xABDC7B,0xB2DE83,0xCFEAAD,0xD8F3BA
0xD2EFB4,0xC9E6AB,0xCDEAAF,0xCBE9AF,0xCCEBAE,0xCEE6B4,0xF3F2F5,0xD0D7CE,0x305F1D,0x406E26,0x86BA49,0x7FB348,0x729D44,0x729E44,0x7EB34A,0x70A241,0x38681F,0x427327,0x83B749,0x84B848,0x83B84A,0x83B749,0x84B949,0x83B749,0x83B949,0x83B648,0x87BC4B,0x78A645,0x272627,0x262B26,0x2C521F,0x2A4A21,0x242425,0x2E3228,0x80B349,0x84BA48,0x83B84A,0x80B449,0x5A8E36,0x578A34,0x598D34,0x558334,0x242623,0x383738,0xE6E6E6,0xECECEC,0xEEEEEE,0xE3E6E2,0x58784C,0x4B713D,0x508231,0x518430,0x5E9135,0x65983D,0xA6D57B,0xA9D67B,0x8BBF54,0x88BC52,0x639539,0x63963B,0x88BB52,0x8EC158,0xADD983,0xB6E18A
0xD8F5B9,0xCEEBAF,0xD2EFB4,0xD1EEB5,0xD2F0B3,0xD3EBB9,0xFAF9FC,0xD4DBD3,0x265317,0x386620,0x89BF4D,0x86BC4A,0x8BC34D,0x87C14C,0x8DC34F,0x79AB45,0x225116,0x2F5F1E,0x86BA4C,0x86BD4C,0x86BD4C,0x86BB4B,0x87BD4C,0x87BB4B,0x87BC4B,0x85BB4C,0x8AC24D,0x7AA946,0x272529,0x272B27,0x2C5F1B,0x2B551E,0x232325,0x2D3129,0x83B74B,0x87BE4B,0x88BD4D,0x83BA4C,0x5D9038,0x5A8C35,0x5C9237,0x588737,0x212221,0x363537,0xF1F1F1,0xF7F7F6,0xF5F4F5,0xE7EAE7,0x305D22,0x225511,0x598D37,0x5E9138,0x578B34,0x5D923B,0xAADA7F,0xAEDC80,0x87BD4D,0x83B949,0x5B8E36,0x5A8E38,0x81B74A,0x89BE4E,0xACDD7C,0xB5E486
0xD4F1B5,0xCBE8AD,0xCEECAF,0xCDEAB0,0xCEEDAF,0xCFE7B7,0xF6F4F7,0xD1D8D0,0x275618,0x386921,0x86BD4B,0x83B849,0x84B84A,0x82B849,0x86BC4A,0x81B647,0x75AA42,0x76A942,0x84B94A,0x84BA4A,0x85BB4A,0x84BA48,0x85BB49,0x84B849,0x84B949,0x82B949,0x87BE4B,0x79AC43,0x2B521D,0x294C1F,0x262E24,0x2C3925,0x4E7933,0x547F35,0x82B94A,0x82B749,0x629639,0x5F9338,0x5A8F36,0x558932,0x31611F,0x3A6926,0x94BA6E,0x8EB06D,0x474846,0x595859,0xECECEC,0xE5E8E4,0x37632A,0x2B5B1A,0x568A33,0x598D35,0x578C34,0x5C9137,0x89BC51,0x89BD51,0x629739,0x61943A,0x598C33,0x5B9036,0x83B849,0x84B94B,0x699B43,0x6B9E46
0xD7F3B8,0xCDE8AF,0xD1EEB1,0xD0EDB3,0xD0EFB2,0xD2EAB8,0xF8F7FA,0xD2D8D0,0x235214,0x36661E,0x89BF4D,0x86BB4A,0x86BD4C,0x85BB4A,0x88BE4B,0x86BC49,0x8CC24E,0x8BBF4B,0x87BB4B,0x85BC4B,0x87BC4A,0x86BB49,0x87BC4A,0x86BA4A,0x88BE4C,0x86BD4B,0x8ABF4B,0x7AAF44,0x2A5D1B,0x29531A,0x241F26,0x2B3026,0x5B9034,0x5F9438,0x85BB4B,0x83B948,0x5A8E35,0x578B34,0x5B9037,0x558A33,0x27571A,0x336423,0xB3E582,0xA7D37A,0x1B1C17,0x2E2E30,0xF2F1F2,0xECEEEC,0x366129,0x295917,0x588C33,0x5B9036,0x588E34,0x5C9237,0x83B947,0x82B946,0x5A8D34,0x588D35,0x598E35,0x5C9136,0x85BA49,0x85BA49,0x588D34,0x588E35
0xD3EFB3,0xCAE6AB,0xCDEAAE,0xCCE9AF,0xCDEAAD,0xD0E7B5,0xEEEEF0,0xE4E6E3,0xD0D6CE,0xB9C7B1,0x5E9037,0x64983A,0x86BB4C,0x7CB145,0x619638,0x598C34,0x366620,0x407026,0x83B749,0x84B94A,0x84B849,0x83B747,0x86BB49,0x7CAF45,0x386822,0x417226,0x85B94B,0x81B548,0x75A841,0x74A642,0x75A045,0x75A143,0x7CB047,0x7CB046,0x84BB49,0x80B547,0x5B8D35,0x588B35,0x5A8D36,0x548733,0x29581B,0x356423,0xA7D47A,0xA8D47C,0x99BF73,0x8FB56D,0x4D7340,0x49703D,0x4F8130,0x518530,0x578C34,0x588C35,0x588B34,0x598D35,0x609338,0x5F9337,0x588C33,0x598C35,0x588C35,0x588C34,0x5F9237,0x609338,0x598C34,0x5C8F37
0xD8F4B7,0xCEEBB1,0xD2EFB3,0xD1EEB3,0xD2F0B2,0xD5ECBA,0xF4F4F5,0xF0F1F0,0xFFFDFF,0xDFE4D9,0x578A35,0x609439,0x8ABF4D,0x7DB446,0x5A8E36,0x518330,0x245217,0x30601D,0x86BC4A,0x87BF4C,0x88BD4E,0x87BD4C,0x8AC34D,0x7DB247,0x255419,0x306120,0x87BB4D,0x86BC4C,0x89C14B,0x89C04C,0x8BC44C,0x89BF4C,0x87BF4D,0x87BE4C,0x88C04C,0x83BA49,0x5C9136,0x598E36,0x5D9138,0x578B34,0x275719,0x346423,0xABDA7F,0xAFDD81,0xB7E785,0xA7D77A,0x255715,0x235312,0x598D35,0x5E9338,0x599035,0x5A8F37,0x5A8E35,0x5B8E36,0x598D35,0x588D35,0x598F34,0x5B8F36,0x5A8F36,0x599035,0x588D35,0x598D36,0x5A8E35,0x5D9139
0xD4F0B5,0xCBE6AD,0xCFEAAF,0xCEE9B0,0xCEEBAF,0xD1E8B8,0xEFEFF0,0xEAEBEA,0xF4F2F4,0xCDD5CA,0x2D5D1E,0x3E6F26,0x86BC4C,0x82B84A,0x7FB347,0x7CAF45,0x77AB44,0x72A642,0x629639,0x5C8F36,0x3A6A25,0x396824,0x386723,0x3F7025,0x74A945,0x78AB44,0x86B94B,0x83B849,0x83BA49,0x83B849,0x84BA49,0x82B54A,0x84BA4A,0x81B749,0x62963A,0x5F9338,0x5A8D36,0x568834,0x32611D,0x3A6924,0x92C06A,0x99C771,0xACD97F,0xABD87D,0xABD97D,0xA9D67D,0x9BC871,0x94BF6D,0x353F2D,0x2E3829,0x578635,0x598E36,0x588C35,0x5A8C35,0x5A8C36,0x598C35,0x588C34,0x598D36,0x588D36,0x588D35,0x598C35,0x598D36,0x588C34,0x5B9037
0xD6F4B6,0xCDEAAE,0xD2EEB1,0xD0EDB1,0xD0EEB0,0xD3EBBA,0xF2F2F2,0xEDEDED,0xFAF9FB,0xD0D8CF,0x215115,0x356620,0x89BF4B,0x86BC4B,0x89BF4D,0x86BC4B,0x8BC24D,0x82B84A,0x5A8E35,0x528532,0x275719,0x26551A,0x24531A,0x30621F,0x88BE4B,0x89BF4C,0x86BD4A,0x85BB49,0x86BC4A,0x86BB49,0x87BE4B,0x85BA4B,0x87BE4A,0x82B949,0x5A8F35,0x578C32,0x5B8F35,0x578933,0x285818,0x346322,0xAFDD7F,0xB4E284,0xAEDD7F,0xADDC7E,0xAEDD7E,0xAFDC7E,0xB6E483,0xADDA7F,0x2F2E2C,0x252526,0x578834,0x5A9136,0x588E35,0x5A8F36,0x5A8E35,0x598D35,0x588E34,0x5A8F36,0x598F37,0x598E35,0x5A8D35,0x5A8E36,0x588E34,0x5C9238
0xD4EFB5,0xCBE6AC,0xCEEBAE,0xD1E8B6,0xE9EEE5,0xE7EAE1,0xF2EFF3,0xDEE5D8,0x93C060,0x97C068,0xBCDA9E,0xA2BC88,0x32382A,0x3B4A2C,0x5F9438,0x64973A,0x85BA49,0x82B748,0x7FB346,0x7DB248,0x78AB43,0x77AB42,0x78AB43,0x78AC42,0x84B84A,0x83B74A,0x85B94A,0x84B748,0x86BA49,0x7FB347,0x609539,0x5E9237,0x609436,0x5F9337,0x598D36,0x588C35,0x5A8C37,0x568834,0x2A591A,0x356324,0xA7D37A,0xACD97E,0xACDA7E,0xABD87D,0xACD97E,0xACD87E,0xADDB7F,0xA5D17B,0x2F312C,0x272926,0x568534,0x598F36,0x578C35,0x598D36,0x598C36,0x588B35,0x578C34,0x598D36,0x588D36,0x588C35,0x598B35,0x598C36,0x588C34,0x5B9037
0xD8F4B7,0xCFEAB0,0xD1EEB0,0xD5ECBA,0xF3F3F4,0xEFEFEF,0xF8F6FA,0xE1E8D9,0x7FB73F,0x8DBF54,0xE1FDBF,0xBCD3A2,0x1F1B22,0x2C3228,0x5A8F36,0x609338,0x89BE4C,0x87BD4A,0x88C04C,0x89BE4D,0x8AC04C,0x89BE4B,0x8BC04D,0x89BD4B,0x87BC4A,0x86BB4B,0x87BD4C,0x85BB4A,0x88BE4B,0x80B549,0x598E36,0x588B34,0x598D35,0x588D35,0x5B8F37,0x5A9036,0x5C9037,0x588B35,0x29591A,0x346421,0xAAD97C,0xB0DF81,0xAFDE80,0xAEDC7E,0xAFDD80,0xAFDC80,0xB1E082,0xAAD47E,0x2E312A,0x252724,0x578A36,0x5C9137,0x598D37,0x5A9036,0x5A8E36,0x5A8E36,0x598E35,0x5B8F36,0x5A8F36,0x598F36,0x5A8E35,0x5A8F37,0x598F35,0x5D9239
0xD3F1B2,0xCFE7B3,0xE9EEE4,0xE7EBE4,0xF1F0F3,0xDEE5D6,0x92C161,0x9AC56B,0xC6E5A4,0xBFE09B,0xB3DF87,0xA5D17B,0x79A846,0x6A983C,0x32621F,0x325B22,0x343B2C,0x39462C,0x5E9038,0x639739,0x84B74A,0x84B849,0x84BA49,0x84B748,0x86BB49,0x80B448,0x619439,0x5F9338,0x609439,0x5F9238,0x5A8D36,0x588B35,0x5A8E36,0x568933,0x336321,0x316220,0x2F5E1E,0x3A6926,0x94C36C,0x9AC86F,0xABD97C,0xACDA7E,0xAEDB81,0xA8D77A,0x8BBE50,0x8DC155,0xACDB7E,0xABD97D,0x99C172,0x92BA6D,0x386725,0x31611F,0x568933,0x5A8E36,0x598C35,0x588C35,0x588C34,0x598C35,0x588C36,0x588D35,0x598C35,0x598C36,0x588C35,0x5B8F38
0xD5F3B3,0xD1EAB7,0xF3F2F4,0xEFEFF0,0xF6F4F8,0xE0E7D6,0x7EB942,0x8CC055,0xD7F0B9,0xCBE9AB,0xAFDD81,0xA5D775,0x8DC64D,0x79AC42,0x29571A,0x284E1D,0x221F25,0x292D26,0x568A36,0x5D9237,0x86BA4D,0x87BC4B,0x86BE4B,0x85BA49,0x89BE4A,0x80B649,0x5A8E36,0x578B35,0x588C35,0x598C36,0x5B8F36,0x598C36,0x5B9036,0x578933,0x2B5B1D,0x29591B,0x265518,0x356323,0xAFDD80,0xB3E183,0xADDB7E,0xAEDC7F,0xB0DE83,0xA9D87C,0x84BB47,0x88BD4D,0xADDD7F,0xAFDC80,0xB3E385,0xADDD82,0x326022,0x29591B,0x568A33,0x5C8F36,0x5A8E35,0x598E35,0x598E35,0x5B8E36,0x5A8F36,0x598F36,0x5A8E35,0x5B8E36,0x5A8D35,0x5C9139
0xD4F1B3,0xCEE8B5,0xF2F0F4,0xE0EAD8,0x91C060,0x98C46A,0xC8E7A6,0xC2E29F,0xB1DD84,0xB3DC89,0xCDEBAB,0xC7E7A7,0xC8E6A7,0xB6D991,0x78AE43,0x78AB44,0x77A542,0x7EAB4F,0xC2E2A1,0xB2D292,0x3A6924,0x356621,0x376821,0x366720,0x376721,0x356620,0x31601F,0x315F1E,0x31601F,0x315F1E,0x31601F,0x315F1F,0x2F5E1E,0x366622,0x75AA42,0x7CAF47,0x98C76F,0x9CCB73,0xACD97D,0xABD97C,0xACDA7E,0xADDA7E,0xADDB7F,0xABD97C,0xA7D779,0xA4D475,0x8CC154,0x86B950,0x3D4734,0x363D30,0x2B571E,0x2D5D1C,0x558833,0x5A8E36,0x598C35,0x598B35,0x588B34,0x598D35,0x588D36,0x588D35,0x598C35,0x5A8C36,0x588C34,0x5B9037
0xD5F3B3,0xD0E9B6,0xF5F2F6,0xE0EAD6,0x80B843,0x8CC055,0xD6F1B9,0xCDEAAD,0xACDD7B,0xB1DD84,0xD4EFB5,0xD0ECB1,0xD8F1BA,0xC6E5A4,0x89C04B,0x88BE4C,0x88C149,0x8EC357,0xD8F2BA,0xC3DFA7,0x2B591D,0x26541A,0x28571A,0x26571A,0x275719,0x275719,0x28591A,0x285819,0x29591A,0x28571A,0x29591A,0x28581A,0x265719,0x30611D,0x84BA48,0x8CC250,0xB0DE80,0xB3E183,0xAFDD80,0xADDB7E,0xADDB7E,0xAEDC7F,0xAEDD80,0xADDB7E,0xB0DE82,0xABD97C,0x87BD4B,0x7FB347,0x292B25,0x212222,0x2A561C,0x2D5E1C,0x568A35,0x5B8F37,0x5A8D36,0x598D36,0x598E34,0x5A8F36,0x598F37,0x598E36,0x5A8E35,0x5B8E37,0x598E35,0x5D9238
0xD3EFB1,0xCDE6B4,0xF1EEF2,0xDEE6D3,0x83B749,0x8EBE59,0xD0EBB3,0xC7E5A8,0xACDA7D,0xAFDA84,0xD2ECB4,0xC3E29F,0x8DBF54,0x96C361,0xC6E5A2,0xC1DF9F,0xC4E3A1,0xC3E1A2,0xCEE9AF,0xCAE7AC,0xB8D79B,0xB7D499,0xBAD79D,0xB3D395,0x9BC872,0x9AC770,0x9BC971,0x99C66F,0x9BC870,0x99C770,0x9BC971,0x99C56E,0x9AC870,0x9AC970,0xA5D677,0xA3D374,0x89BD4F,0x8BBE54,0xACD87D,0xABD87D,0xABD87D,0xACD97E,0xACDA7E,0xAAD87C,0xABD97C,0xAAD87C,0xA7D878,0xA0CC74,0x30332C,0x252725,0x2B551C,0x2B5A1B,0x2F5F1E,0x33621F,0x568833,0x598C35,0x578B34,0x598C35,0x588D36,0x588C35,0x598B35,0x598C36,0x588C34,0x5B9037
0xD7F5B5,0xD1EBB7,0xF6F4F8,0xE1ECD7,0x84BB47,0x8FC258,0xD6F0B7,0xCCEAAC,0xADDE7D,0xB1DE86,0xD8F2BA,0xC6E5A2,0x7FB840,0x8FC057,0xD7F2BA,0xD2EDB5,0xD6F0B6,0xD3EDB4,0xD2EEB2,0xD2EFB2,0xD7F3B9,0xD6F1B7,0xDAF4BA,0xD2EFB0,0xB3E383,0xB1E182,0xB3E384,0xB1E080,0xB3E282,0xB2E184,0xB5E587,0xB2E183,0xB3E283,0xB3E083,0xB2E083,0xADDC7E,0x85BC49,0x86BD4D,0xAFDE81,0xAFDE82,0xAEDD7F,0xAFDD80,0xAFDD80,0xAEDC7E,0xAFDF80,0xB0DE82,0xB6E687,0xAEDB81,0x30322D,0x242625,0x2B581E,0x2B5B1B,0x28571A,0x2C5C1D,0x598C36,0x5B9036,0x5A8F34,0x5C9037,0x5A8F37,0x598E36,0x5A8E36,0x5A8E37,0x598E35,0x5D9237
0xD2F0B1,0xCEE7B2,0xF1F0F2,0xDDE7D3,0x83B849,0x8ABE53,0xB2DD87,0xB3DC8B,0xC9E8A7,0xC2E39F,0xB2DD88,0xB2DC89,0xC1E29C,0xC1E19F,0xCFEBB1,0xCBE6AD,0xCEEAAF,0xCCE7AE,0xCEEAB0,0xCDE9AF,0xCDE9AF,0xCCE7AE,0xCEE9AF,0xCAE6AC,0xC7E6A5,0xC5E5A3,0xC8E8A7,0xC1E29F,0xACDA7E,0xA6D477,0x8BBF52,0x8DBF58,0xAAD97E,0xAAD87D,0xABD97C,0xAAD87C,0xA4D475,0xA3D272,0x8CC054,0x8DC057,0xAAD87C,0xABD97D,0xACDA7F,0xA7D579,0x8EC354,0x84B250,0x424B36,0x3D4835,0x2B4D20,0x294F1D,0x2A581C,0x2A591B,0x2A591B,0x2B5A1B,0x326221,0x326220,0x31611E,0x356520,0x568934,0x588D34,0x588C34,0x598B35,0x578B34,0x5A8F37
0xD7F5B5,0xD2EBB6,0xF5F4F7,0xE1EBD8,0x83B847,0x8ABE50,0xB2E282,0xB6E18A,0xD8F1B9,0xCDEAAC,0xAEDE7F,0xB3DF87,0xD7F2B9,0xD3EEB6,0xD4F0B6,0xD0ECB2,0xD3F0B4,0xD0EDB3,0xD2F0B5,0xD2EEB4,0xD2EFB4,0xD1EDB3,0xD3F0B5,0xD1EDB3,0xD4EFB6,0xD3EDB4,0xD6F0B8,0xCEEAAD,0xB1DF81,0xA8D879,0x84BA47,0x89BC4E,0xB1E085,0xB1DF84,0xB0DE80,0xAFDD7F,0xB1DE83,0xAEDC7F,0x86BC4A,0x87BD4C,0xAEDC7F,0xB0DD80,0xB1DF83,0xA9D97C,0x88C049,0x7CAB45,0x242324,0x202222,0x2B591C,0x2C5F1B,0x2B5B1C,0x2B5B1C,0x2B5B1C,0x2B5B1B,0x29581C,0x29581B,0x28571A,0x2C5C1C,0x588E36,0x5C9136,0x5C8F35,0x5D9037,0x5C8F36,0x5F933B
0xD3EFB2,0xCEE7B5,0xEEEEEF,0xE7E9E5,0xDFE7D2,0xC2D0B4,0x3F6E2C,0x52803B,0xB4E08A,0xABD77F,0x8ABE51,0x95C460,0xCFEBB0,0xCCE7AD,0xD0EBB2,0xCCE7AF,0xD0EAAF,0xCDE7AE,0xCFEAAF,0xCEE9AF,0xCFEAB1,0xCDE8AF,0xCFEAB0,0xCDE7AE,0xCEE9AE,0xCDE7AD,0xCFEBB1,0xCBE8AB,0xC9E7A6,0xC2E39F,0xA7D676,0xA0CF6E,0x8BBF52,0x8DC157,0xABDA7C,0xACD97D,0xACD97E,0xA9D779,0x86BA4C,0x86BB4D,0xAAD87D,0xACD97E,0xADDA7F,0xA7D478,0x87BD4B,0x7BAA46,0x2A2D28,0x272727,0x273024,0x273223,0x2B551B,0x2A591C,0x29581C,0x2A591B,0x2A591C,0x2A591B,0x2A591B,0x2B5A1D,0x326220,0x336421,0x326321,0x336321,0x326320,0x346622
0xD6F4B4,0xD2EAB8,0xF2F2F4,0xEFEFF0,0xFEFAFF,0xD6DBD6,0x205013,0x386726,0xB0DF81,0xA6D576,0x81BA45,0x8FC157,0xD4EEB4,0xD0EBB0,0xD3EFB4,0xCFEBB1,0xD3EEB2,0xD0EBB1,0xD2EDB1,0xD2ECB1,0xD2EEB3,0xD1ECB2,0xD3EEB2,0xD0EBB0,0xD2EDB2,0xD1EBB0,0xD2EEB4,0xD0EBB1,0xD5EEB6,0xCEEAAD,0xB3E184,0xA9D97A,0x83BB47,0x87BE4C,0xAEDC7E,0xAFDD80,0xAFDD80,0xACDA7B,0x88BC4D,0x88BD4E,0xADDB7F,0xAFDD80,0xB0DE81,0xA9D87A,0x8BC44D,0x7FB048,0x292928,0x252326,0x272427,0x272726,0x2B551D,0x2B5B1C,0x2A5A1B,0x2B5B1C,0x2B5B1C,0x2B5A1B,0x2A5A1C,0x2B5A1E,0x29571B,0x28581C,0x29591B,0x29581B,0x28581B,0x2A5A1C
0xD4F0B3,0xCCE7AE,0xD3EABA,0xD3E8BE,0xF4F3F3,0xCFD6CC,0x275617,0x3E6C2A,0xAFDD81,0xA5D375,0x81B847,0x8EC057,0xD0EBB1,0xCDE7AE,0xD0EBB2,0xCCE8AE,0xCFEBB0,0xCDE8AE,0xCFEAAF,0xCEE9AF,0xCEEAB1,0xCDE8AF,0xD0EBB0,0xCDE8AE,0xCEEAAF,0xCEE8AE,0xCFEBB1,0xCCE7AE,0xCFEAAF,0xC9E6A8,0xAEDC80,0xA4D476,0x84BA47,0x87BC4D,0xABD87C,0xACD97D,0xACD97E,0xA9D77A,0x85BA4B,0x86BA4C,0xAAD87C,0xABD97D,0xAEDD7F,0xA0CA75,0x39422E,0x38442C,0x507B32,0x4F7731,0x292B27,0x262825,0x2A561C,0x2A5A1B,0x2A591B,0x2A591C,0x2A591C,0x2A581A,0x29591B,0x2A5A1C,0x2B591B,0x2A591C,0x2A591A,0x2B5A1B,0x2A591B,0x2D5B1C
0xD8F5B8,0xCEEBAF,0xD0EEAD,0xD3EBB5,0xFAF8FA,0xD3D9D1,0x205011,0x396926,0xB5E487,0xABDA7B,0x87BE49,0x92C55B,0xD3F0B4,0xD1EBB0,0xD4EFB4,0xD0EBB1,0xD4EEB2,0xD1ECB1,0xD2EEB1,0xD1EEB2,0xD2EEB3,0xD1ECB2,0xD4EFB3,0xD1EBB1,0xD2EEB1,0xD0EDB0,0xD3EFB4,0xD0ECB1,0xD4EFB4,0xCDECAD,0xB2E183,0xA8D778,0x86BD49,0x89BF4E,0xAEDC7E,0xAFDE7F,0xB0DE83,0xACDC7E,0x86BC4C,0x87BD4D,0xADDC7E,0xAEDE80,0xB5E686,0xA4D079,0x232227,0x262824,0x5C9237,0x5A8F35,0x282C27,0x252725,0x2B581D,0x2B5C1B,0x2A5B1C,0x2A5B1C,0x2A5B1C,0x2A5A1B,0x2A5B1C,0x2A5B1D,0x2B5A1C,0x2A5B1E,0x2A5B1C,0x2B5B1C,0x2A5B1C,0x2C5D1D
0xD3F0B4,0xCAE6AD,0xCDEAAF,0xD1E8B7,0xEFF0EF,0xE5E6E4,0xCFD6CD,0xB4C2B1,0x41712D,0x41702E,0x366820,0x507D39,0xCFECB2,0xCCE8AF,0xD0EBB1,0xCCE7AE,0xCFEBB0,0xCCE8AF,0xCDEAB0,0xCEE9B0,0xCEEAB0,0xCDE8AF,0xCFEAB1,0xCCE8AF,0xCEEAB0,0xCDE8AE,0xCFEBB2,0xCAE6A9,0xB2DC86,0xB0DA84,0xAEDB7F,0xA5D376,0x83B84A,0x87BB4E,0xABD97C,0xAAD87B,0x8CBE56,0x8DBF57,0xA4D374,0xA3D373,0xADDC7F,0xA2CD77,0x424A39,0x3F4934,0x507933,0x527D32,0x588B35,0x578A34,0x507C33,0x4E7633,0x293526,0x263022,0x2A561B,0x2A5A1B,0x2A581C,0x2A581B,0x29591B,0x2A591B,0x2A581A,0x2A591C,0x2A591B,0x2B581B,0x2A591A,0x2B5B1E
0xD7F4B7,0xCEEAB0,0xD1EEB2,0xD5ECBB,0xF2F2F2,0xEEEFF0,0xFFFEFF,0xD8DDD7,0x215213,0x235416,0x1F4F11,0x3E6A2E,0xD6F2B7,0xD2EEB3,0xD4EFB4,0xD0EBB1,0xD2EFB3,0xD0ECB2,0xD1EEB3,0xD2EDB3,0xD2EEB3,0xD1ECB2,0xD3EFB4,0xD0ECB2,0xD2EEB4,0xD1ECB2,0xD4EFB5,0xCDE9AB,0xADDD7E,0xACDB7D,0xB2E082,0xA9D77A,0x85BA4A,0x89BD4E,0xAEDD7F,0xACDB7D,0x85BB4A,0x88BC4E,0xB1E182,0xB0DF82,0xB3E283,0xA3CF7A,0x252226,0x252623,0x5B8F37,0x5D9337,0x5A8E37,0x5A8E36,0x5C9336,0x5A8D36,0x2A2D29,0x252625,0x2A571C,0x2A5C1C,0x2B5A1D,0x2B5A1B,0x2A5A1B,0x2B5B1C,0x2B5A1B,0x2B5B1B,0x2C5A1B,0x2C591B,0x2A5A1B,0x2B5C1F
0xD5F0B5,0xCCE6AC,0xCFEBAF,0xD0E9B2,0xD4ECBA,0xD5E7C1,0xEEEEEE,0xE5E6E5,0xCFD6CB,0xCBD3C8,0xD4DAD3,0xB9C6B4,0x406D30,0x568241,0xB5E087,0xB5DC8B,0xD0ECB2,0xCDE8AE,0xCFEAAF,0xCFE9AF,0xCFEBB1,0xCEE9AF,0xD1EBB2,0xCBE7AA,0xB3DD87,0xB1DC85,0xB4DE87,0xB0DC84,0xAEDC81,0xA8D77A,0x8BC052,0x8DBF56,0xA6D575,0xA6D576,0xADDB7E,0xA9D87B,0x87BF4C,0x7EAF47,0x3F4835,0x3A4634,0x3F6C2A,0x41712C,0x517D34,0x527E34,0x588B34,0x588C35,0x598D35,0x588D35,0x588C34,0x568735,0x2A2E27,0x252827,0x2A551C,0x2A5A1B,0x2A591C,0x2A591B,0x29591C,0x2A591C,0x2A5A1B,0x2A5A1C,0x2A581A,0x2D5C1D,0x4F8230,0x548934
0xD7F4B7,0xCDEAAF,0xD1EFB2,0xD0EDB3,0xD0F0AF,0xD3ECB8,0xF3F3F4,0xF1F0F1,0xFAF8FB,0xF5F4F5,0xFFFEFF,0xD8DFD6,0x1E4F11,0x3C6B28,0xB0E080,0xB1DD86,0xD3F0B4,0xD0ECB2,0xD2EEB3,0xD2EDB3,0xD2EFB3,0xD1EDB2,0xD4EFB6,0xCDEBAD,0xB0DD7F,0xADDC7E,0xAFDE80,0xACDB7C,0xAFDF82,0xA9D879,0x86BD49,0x8AC050,0xB3E183,0xB2DF84,0xB0DE82,0xACD97D,0x8BC44E,0x7FB048,0x242424,0x202122,0x235117,0x2A5B1B,0x5B9036,0x5C9136,0x598E35,0x5A8F36,0x5A8F37,0x598E36,0x5A8F36,0x588935,0x292D28,0x252626,0x2A581D,0x2B5C1B,0x2B5A1C,0x2B5A1B,0x2A5A1C,0x2B5A1C,0x2B5A1B,0x2A5A1D,0x29571B,0x2D5C1E,0x5A8D35,0x60953A
0xD3F0B4,0xC9E7AB,0xCEEBAE,0xCCEAAF,0xCEECB1,0xCDE8AE,0xD4EBBA,0xD2E9B7,0xD1EAB6,0xD2E6BD,0xF3F2F5,0xCED5CA,0x275518,0x3B6A25,0x8CC153,0x8FC259,0xB2DE86,0xB0DB86,0xB1DD87,0xB1DB87,0xB2DD86,0xB0DB85,0xB3DE89,0xACD87F,0x8BBE52,0x8EC157,0xADDB7E,0xAAD87B,0xAEE080,0x9BC673,0x373E2C,0x37442B,0x3E6D2B,0x45732D,0x8ABE50,0x85B550,0x39422C,0x36442C,0x517A34,0x517D32,0x518430,0x538531,0x588B35,0x578A34,0x588D34,0x588C36,0x588D35,0x588C34,0x588B34,0x588B35,0x517E34,0x4E7731,0x293225,0x263024,0x2A571C,0x2A591A,0x29591C,0x2A591C,0x29581A,0x2C5B1D,0x4F812F,0x508230,0x32611F,0x326221
0xD7F4B7,0xCEEAAE,0xD2EEB1,0xD0EDB2,0xD3EFB4,0xD0EBAF,0xD2EEB0,0xD0EBAF,0xD0EEB0,0xD2EAB9,0xF9F7FB,0xD2D9CE,0x245415,0x386821,0x88BD49,0x8BBF50,0xAEDF81,0xACDB7D,0xAEDC7E,0xADDC7F,0xAEDD7E,0xADDB7D,0xB0DE80,0xA8D978,0x84BB48,0x89BE50,0xB0DE81,0xADDB7F,0xB4E585,0x9DC575,0x232226,0x222921,0x245317,0x2C5D1B,0x84BA49,0x7FB149,0x252424,0x262A26,0x5B8F37,0x5C9335,0x5C8F37,0x5C9037,0x5B8E36,0x5A8D35,0x5A8E35,0x5B8E36,0x5A8E37,0x5A8F35,0x5A8E35,0x5B8E36,0x5D9237,0x5A8C36,0x292B29,0x262627,0x2B581D,0x2A5B1B,0x2A5A1D,0x2B5B1D,0x2A591B,0x2E5D1D,0x5B8F38,0x5A8E38,0x2B5C1B,0x2A5A1D
0xD4F1B5,0xCBE8AE,0xCFEBB1,0xCEEAB0,0xD0ECB1,0xCDE9AF,0xD0ECB2,0xCEEAB1,0xCFECB0,0xD2E8B9,0xF1F0F1,0xE5E8E7,0xD7DDD4,0xB6C4B0,0x32631C,0x4A7930,0xB0DE83,0xA8D679,0x8BBE53,0x8EC156,0xACDB81,0xACD980,0xAFDC80,0xA7D779,0x85BA49,0x89BC50,0xB1E082,0x9EC775,0x3C4234,0x374430,0x2B521E,0x2F5820,0x548732,0x508131,0x35412B,0x36422C,0x517C33,0x538134,0x5A8C36,0x558833,0x316120,0x346321,0x588C35,0x598D35,0x588E35,0x598C36,0x598D36,0x598E35,0x588D35,0x598D35,0x598E36,0x568635,0x292C28,0x262826,0x2B551D,0x2B591B,0x29591B,0x2A5A1C,0x2A591B,0x2A571D,0x2D3A25,0x2D3628,0x272F25,0x283025
0xD6F3B6,0xCDE9AF,0xD0EDB2,0xCFECB1,0xD1EFB3,0xCEEBB0,0xD2EEB2,0xD0ECB2,0xD0EEB1,0xD3EBBA,0xF2F2F3,0xEEEEEF,0xFFFCFF,0xD3DAD0,0x1C4C0E,0x3A6825,0xB4E386,0xAADA7B,0x85BC4A,0x89C04F,0xADDC80,0xADDC80,0xB1DF81,0xA9D979,0x85BB48,0x88BD4D,0xB5E685,0x9EC776,0x231F25,0x232822,0x2A5B1A,0x30621E,0x5D9137,0x578735,0x222425,0x252726,0x598E35,0x5B9335,0x5B8E37,0x558933,0x29581C,0x2D5C1C,0x588C34,0x5A8D36,0x598F35,0x5A8E36,0x5A8E36,0x598E35,0x598D35,0x5A8D36,0x5A9036,0x578935,0x292C28,0x262927,0x2B571D,0x2B5B1A,0x2A5A1B,0x2B5B1C,0x2A5C1C,0x2A561C,0x212320,0x211F23,0x232123,0x242224
0xD2EEB3,0xC9E4AA,0xCDE9AD,0xCBE8AE,0xCDEAAF,0xCBE6AB,0xCEE8AE,0xCCE6AC,0xCDEAAF,0xCBE7AE,0xD1E9B6,0xD3E6BD,0xECECED,0xE1E2E2,0xD5DBD2,0xB6C4B2,0x3C6B29,0x3D672A,0x323929,0x404C32,0xAAD67C,0xA7D577,0x89BD4F,0x8ABD53,0xA8D877,0x97C26C,0x3B4233,0x37412F,0x2A531D,0x2A531E,0x28571B,0x2F5E1D,0x588B33,0x578A34,0x527D31,0x527D31,0x588933,0x578A34,0x598C35,0x548732,0x2A591D,0x2D5D1E,0x578A33,0x588B34,0x578C33,0x588C34,0x588D34,0x578C33,0x578B33,0x588B34,0x588D34,0x558634,0x292B27,0x252526,0x262E25,0x262E25,0x262D25,0x272F26,0x232B23,0x323730,0xC5C6C5,0xD1D1D0,0xCCCCCB,0xD3D4D3
0xDBF9BB,0xD2EEB2,0xD6F3B7,0xD4F2B7,0xD6F4B8,0xD3F0B5,0xD6F3B8,0xD5F0B5,0xD6F4B9,0xD3F1B6,0xD5F3B2,0xD8F1BD,0xF8F8F9,0xF3F3F2,0xFFFFFF,0xDADFD8,0x245614,0x27531A,0x211E25,0x32362D,0xB0DF84,0xAEDD7D,0x87BF4B,0x8AC050,0xB8E888,0xA2CA7B,0x232126,0x222822,0x2C5F1C,0x2C5E1B,0x2B5B1B,0x32611E,0x5D8F37,0x5D9136,0x5E9339,0x5F9338,0x5D9036,0x5C9037,0x5D9339,0x578C35,0x2C5D1D,0x2F611F,0x5C8E36,0x5C9036,0x5B9137,0x5C9237,0x5C9237,0x5C9138,0x5C8F36,0x5D9038,0x5C9338,0x5A8C37,0x2B2E28,0x272527,0x272628,0x272528,0x272627,0x282728,0x242224,0x363436,0xF3F3F3,0xFFFFFF,0xFBFBFB,0xFFFFFF
