0xBB10D7,0xBB05D3,0xB90CD9,0xBA07D3,0xBD08D6,0xB908D5,0xBC08D7,0xBB09D6,0xB909D5,0xB800D2,0xCA62E4,0xFFFFFF,0xCB5BE0,0xB700CF,0xBB09D2,0xBB09D7,0xBC09D6,0xB908D5,0xBD08D9,0xBA07D1,0xBD07D8,0xB909D4,0xBD08D6,0xBB09D8,0xBA08D5,0xBC08D7,0xB908D5,0xBD07D9,0xBA06D1,0xBD07D8,0xB908D4,0xBB08D5,0xBB08D8,0xBA08D3,0xBD09D7,0xB808D5,0xBD08D9,0xB907D1,0xBC07D8,0xBA09D5,0xBB07D5,0xBB08D9,0xB908D3,0xBD09D9,0xB907D3,0xBE08D7,0xBA06D4,0xBB08D7,0xBA0AD5,0xBA07D4,0xBC09D9,0xB908D3,0xBD09D8,0xB808D4,0xBD07D7,0xBA07D3,0xBB09D6,0xBC08D5,0xB908D6,0xBC0AD8,0xBA08D4,0xBC09D9,0xBB05D4,0xBD0ED5
0xB80ED0,0xB802D2,0xB707D5,0xB704CE,0xBA05D2,0xB704D1,0xB905D3,0xB907D1,0xB713D2,0xC233D5,0xBB69C7,0xC4C6BB,0xBD66C6,0xBF35D3,0xB812D1,0xB906D3,0xB906D1,0xB704D1,0xBB04D5,0xB803CD,0xBB03D3,0xB606CF,0xBA04D1,0xB805D3,0xB804D1,0xB905D2,0xB604D0,0xBB03D4,0xB604CC,0xBA06D2,0xB605CF,0xB903D0,0xB707D2,0xB705CF,0xBA05D3,0xB604D1,0xBB04D4,0xB704CD,0xBA03D3,0xB705D0,0xB804D0,0xB904D4,0xB705D0,0xBB06D4,0xB604CE,0xBB05D3,0xB803D0,0xBA04D3,0xB806D0,0xB703D0,0xBA05D4,0xB605CE,0xBA05D3,0xB605D0,0xBB03D2,0xB803CF,0xB805D1,0xBA03D1,0xB604D2,0xBA05D3,0xB704CF,0xBA06D4,0xB804CF,0xB80BD4
0xBB0CD7,0xB706D6,0xBC05D6,0xB905D3,0xBC06D6,0xBA04D7,0xBC07D9,0xB300D3,0xBE29D2,0xFFFFFF,0xA7A6A2,0x000202,0xACAAAB,0xFFFFFF,0xBD23D1,0xB500D1,0xBC07D8,0xB904D5,0xBD03D9,0xB903D2,0xBD02D8,0xB905D4,0xBC03D6,0xBA04D7,0xBB04D6,0xBC04D7,0xB804D5,0xBC05D8,0xBD00D5,0xC200DF,0xBA03D6,0xBA07D7,0xC200DC,0xBD00DA,0xBD05D8,0xB904D3,0xBD03D9,0xBA03D2,0xBC03D8,0xBA05D5,0xBA04D5,0xBB04D8,0xBA04D3,0xBD05D8,0xB804D3,0xBF03D6,0xBA03D3,0xBB04D8,0xBA06D5,0xB904D5,0xBB04D9,0xB805D3,0xBC05D8,0xB805D4,0xBD03D6,0xBA02D4,0xBA04D8,0xBC05D4,0xBA03D4,0xBC06D7,0xB905D3,0xBC05DA,0xB904D4,0xBC0BD3
0xB80AD1,0xB701CE,0xB904D0,0xB704CE,0xBA05D1,0xB604D1,0xBA0ACD,0xD26FDF,0xC17CC6,0x8A8B8D,0x625E60,0x1B181A,0x636165,0x8B898B,0xC27AC9,0xD071DD,0xB90BCF,0xB604CF,0xBA04D2,0xB505CD,0xBA03D4,0xB506CE,0xB804D0,0xB605D1,0xB705CF,0xB805D1,0xB505CE,0xBC02D7,0x9F40AF,0x8B7F93,0xAE1EC2,0xB50BCD,0x8D7995,0x9755A6,0xBF01D2,0xB506CD,0xBA04D2,0xB603CD,0xB903D2,0xB606CF,0xB704CF,0xB805D1,0xB605CB,0xBA05D1,0xB604CD,0xB709D7,0xB606CC,0xBA03D0,0xB804D0,0xB702CF,0xB805D3,0xB505CD,0xB905D2,0xB506CD,0xB904D1,0xB703CE,0xB804D0,0xB608D6,0xB506D1,0xB905D5,0xB704CE,0xB904D2,0xB704D0,0xB80BD4
0xBC0BD8,0xBA03D6,0xBC06D7,0xBA05D5,0xBC08D9,0xB903D8,0xBB11D1,0xF9EEFA,0xCAD7CB,0x110F13,0x1F1E1E,0x2B2829,0x1D1F1D,0x141012,0xCEDBCE,0xF6F0FA,0xBB10D5,0xBA02D4,0xC003DA,0xBA04D4,0xBF02DB,0xBA04D6,0xBD03D8,0xBB04DA,0xBC04D8,0xBD04D9,0xB807D3,0xC300E0,0x888295,0x5CFF4F,0xA932C2,0xBA0CCE,0x61EF5B,0x7AA880,0xC201DC,0xB906D5,0xBF03DA,0xBB02D5,0xBD02DA,0xBB05D7,0xBC03D7,0xBD04DA,0xBB03D3,0xBE04D8,0xBC00D4,0xC100D8,0xBB04D5,0xBC04DB,0xBB07D7,0xBA04D6,0xBC04DB,0xBA04D4,0xBE04DA,0xBA04D5,0xBE03D8,0xBB02D6,0xBB04D9,0xC000D8,0xBC01D8,0xBC07D9,0xBB02D5,0xBE00DE,0xBD00D5,0xBC0BD9
0xB80BD5,0xB703D2,0xB807D3,0xB705D1,0xB908D3,0xB701D2,0xB710CF,0xF1D9F0,0xC4CAC5,0x252124,0x292728,0x262828,0x292826,0x262324,0xCBCCCC,0xF0D9F1,0xB60BD4,0xB601D0,0xB906D8,0xB407D0,0xBA05D6,0xB606D0,0xB805D2,0xB605D4,0xB804D3,0xB804D4,0xB508CD,0xC200DA,0x897891,0x64E856,0x79A57A,0x7C9E84,0x62E35F,0x7E9C80,0xBC03DB,0xB506CF,0xBA04D6,0xB604D0,0xB904D5,0xB607D2,0xB605D1,0xB805D5,0xB607D0,0xBC02D9,0x945AA3,0x7BAA7A,0xA82ABC,0xBC01D7,0xB807D1,0xB704D1,0xB906D7,0xB505D0,0xB906D5,0xB506D1,0xB806D3,0xB801D4,0xB017CC,0x7D9F81,0x8B729A,0xC100DE,0x9A4CA8,0x79AC7D,0xAB23BB,0xBC04D3
0xBB0BD6,0xBA03D4,0xBB08D4,0xB906D1,0xBD07D4,0xB906D4,0xB912D3,0xF2DFF4,0xC7CBC7,0x212021,0x262626,0x272727,0x262627,0x222223,0xCACCC7,0xEEDDF0,0xB818CE,0xB809D0,0xBD05D9,0xB904D2,0xBF03D5,0xB906D1,0xBD05D4,0xBB05D5,0xBB04D2,0xBC04D3,0xB706D4,0xC200DD,0x8C7695,0x67E364,0x66DC63,0x66E15D,0x68DC62,0x809A86,0xC201DB,0xB705D2,0xBE04D6,0xB905CF,0xBD03D5,0xBA07D2,0xBB06D2,0xBC05D7,0xB907D0,0xC200DD,0x8A7C93,0x64EE59,0xA636BB,0xC000DA,0xBB08D1,0xBA04D2,0xBC05D7,0xBA05D0,0xBD06D6,0xB805D1,0xBB06D4,0xBC01D5,0xB21CC9,0x64E85E,0x7AAB7B,0xC20BDB,0x8B7896,0x5CFA57,0xA733BA,0xC000DB
0xBB0CD6,0xB903D3,0xBB07D4,0xB905D1,0xBD07D3,0xB600D2,0xB608D1,0xF9E5FA,0xCDD2CD,0x212021,0x272627,0x272727,0x262626,0x272727,0x333334,0x4A474F,0xE7D9E7,0xDC9CE3,0xB900CF,0xB709D3,0xBD06D4,0xB906D1,0xBC04D3,0xB905D5,0xB905D2,0xBB06D4,0xB707D0,0xBB06D5,0xB212CA,0xB517CA,0x74B773,0x6AD368,0xAC28C4,0xB314C9,0xBA05DB,0xB705D3,0xBC05D5,0xB807CF,0xBC04D5,0xB907D2,0xBA05D2,0xBA06D6,0xB806D0,0xBB06D5,0xB310CA,0xB022CB,0xB70ACC,0xBC06D2,0xBA08D2,0xB905D2,0xBA06D6,0xB706CF,0xBA06D5,0xB705D0,0xBB05D3,0xBA00D3,0xAF22C5,0x69DA64,0x66D766,0x73BF75,0x68D166,0x65E759,0xA535B9,0xC000DA
0xB80BD6,0xB703D4,0xB906D4,0xB606CF,0xB906D8,0xBC1FD1,0xBD34CF,0xD4C2D8,0xADB1A9,0x222122,0x262626,0x262627,0x252626,0x272927,0x1C1E1C,0x333134,0xEBF7EA,0xDFB1E8,0xB700D0,0xB706D4,0xBB05D6,0xB606D0,0xBB03D1,0xB609D2,0xB50AD2,0xBA05D3,0xB506D3,0xBC04D3,0xB602D4,0xBF00DE,0x838B87,0x79A77E,0xB907D4,0xB801D4,0xBB05D3,0xB506D2,0xBA05D7,0xB606D1,0xBA04D7,0xB706D3,0xB705D3,0xB806D6,0xB605D1,0xB906D5,0xB604D1,0xBF00D8,0xB806D3,0xB90BD6,0xB80AD2,0xB709D2,0xB90AD7,0xB609D0,0xBA0AD6,0xB508D1,0xBA06D3,0xB901D4,0xAF1BC9,0x79AA7D,0x6FC06A,0x64E45F,0x6BC66A,0x75B577,0xA72CBD,0xBE02D5
0xBB0CD5,0xBA04D3,0xBA08D5,0xBD04D0,0xB901D3,0xE2B8EC,0xEFF3E9,0x313736,0x221D1F,0x282828,0x262626,0x272826,0x272625,0x292728,0x232024,0x39343B,0xEDF7ED,0xE1B1E9,0xB800D3,0xBA06D3,0xBD05DC,0xBA05CE,0xBA08D7,0xBF00DD,0xBF00DB,0xBC04D7,0xB807D1,0xBE04D7,0xB806D0,0xBB07DA,0xBA03D6,0xBA08D3,0xBB07D3,0xB907D1,0xBD05D5,0xB904D2,0xBD05D6,0xB903D2,0xBC04D8,0xBA06D4,0xBA05D4,0xBB07D6,0xB906D0,0xBE05D5,0xB906D5,0xBB0AD7,0xB800CF,0xB900D5,0xB700D3,0xB700D2,0xB800D7,0xB600D1,0xB900D6,0xB800D4,0xBC04D8,0xBB04D3,0xBB08D2,0xBF00DC,0x9F44B6,0x5EFE4E,0x8E7696,0xC000E1,0xB906D2,0xBC0CD6
0xB70CD3,0xB605D0,0xB806D2,0xB508D0,0xB402CE,0xE0ADE2,0xE8EEE5,0x363436,0x222222,0x282827,0x252526,0x262724,0x282725,0x2B2927,0x232F1A,0x394333,0xE9F0E4,0xDDAAE5,0xB301CF,0xB508D0,0xB609D8,0xB605CD,0xB806D4,0x9C47AC,0x9D47B0,0xB807D4,0xB407CD,0xBA05D3,0xB406CE,0xB905D4,0xB606CE,0xB707CF,0xB708D3,0xB606CF,0xB906D2,0xB605CF,0xB906D3,0xB505CF,0xB805D5,0xB606D1,0xB606D1,0xB70BD4,0xB70ACE,0xBB09D3,0xB50BD0,0xB909D3,0xC03ED0,0xC756D5,0xC551D2,0xC450D1,0xC655D6,0xC253CF,0xC859D7,0xB823CD,0xB907D4,0xB609D3,0xB70AD6,0xBD05D1,0xA72DBF,0x7F9B81,0x9C48A9,0xBE01D4,0xB407D2,0xB70DD2
0xBC0BD8,0xBB02D5,0xBC06D7,0xBA07D6,0xBA00D7,0xE3B5EC,0xEDF9ED,0x373539,0x222422,0x282829,0x252729,0x272A25,0x1F1D29,0x1A1A24,0x244B1A,0x3D662F,0xEDFBE8,0xE3B0E7,0xB800D4,0xBB05D5,0xBF03D7,0xBA03D6,0xBD08D1,0x6AD861,0x69DB68,0xBD0BD5,0xBA01D9,0xBF03D7,0xBA03D2,0xBE02DA,0xB905D5,0xBC04D6,0xBB06D8,0xBC03D2,0xBF03D7,0xBA03D6,0xBE02D9,0xBC02D2,0xBE03D8,0xBC06D3,0xBB05D5,0xB900D4,0xB600D1,0xBA00D4,0xB700D2,0xB500D2,0xF2C5F2,0xFFFFFF,0xFFFFFF,0xFFFFFF,0xFFFFFF,0xFDFFFD,0xFFFFFF,0xCD5CD9,0xB500CF,0xB700D2,0xB600D4,0xB700D9,0xBB00CF,0xC100E0,0xBC00D6,0xBC07D5,0xBA03D4,0xBE09D3
0xB70BD0,0xB603CE,0xB806D0,0xB705CD,0xB501CD,0xDEB0E5,0xE7F0E6,0x353335,0x212124,0x272728,0x282623,0x211F27,0x5E6A1B,0x8C9F18,0x325E12,0x375E2C,0xE8F0E4,0xDCABE3,0xB501D4,0xB607D0,0xB707D4,0xB505CC,0xB706D1,0x9854A4,0x9954A5,0xB608D0,0xB406CF,0xB905D6,0xB306CD,0xB904D3,0xB506CD,0xB705CE,0xB607D2,0xB505CF,0xB906D3,0xB406CF,0xBA04D5,0xB506CE,0xB809D3,0xB505D4,0xBD19CD,0xD288DD,0xCF85DB,0xD388DE,0xD083D9,0xD788DC,0x897891,0x727674,0x797679,0x767476,0x787679,0x777478,0x747473,0xAF7DB3,0xD587E3,0xCF86D9,0xD285DB,0xD58DDC,0xC861D9,0xB507D4,0xB509CE,0xB805D1,0xB704CD,0xB80BCE
0xBB0CD8,0xB903D6,0xBB07D7,0xBB06D3,0xB901D2,0xE3B4EB,0xEDF6EC,0x363436,0x222222,0x292A2A,0x262925,0x131326,0x90A712,0xEDFF05,0x3C680F,0x31572E,0xF6FFF1,0xE7B4ED,0xB500CE,0xBA02D1,0xBF04DA,0xBB06D1,0xBB08D8,0xC000DB,0xC100DB,0xBC06D7,0xBA04D6,0xBF03DB,0xBA04D3,0xBF03DA,0xBA04D6,0xBC02D7,0xBC05DA,0xBB04D3,0xBE04D6,0xB905D2,0xBF02DC,0xB701CF,0xBA00D1,0xB400D3,0xBE29D7,0xFDFFFC,0xF9FFF6,0xFDFFFC,0xF6FFF4,0xFFFFFF,0x4A4E4C,0x0D0F0F,0x1B1B1A,0x181818,0x191819,0x1B1C1B,0x0A090A,0xA7ACA7,0xFFFFFF,0xF4FFF4,0xFAFFF8,0xFFFFF9,0xE7B8E9,0xB500CD,0xBA03D2,0xBC05DA,0xB903D6,0xBC0BD6
0xB90AD5,0xB702D2,0xB905D3,0xB806D0,0xB600D1,0xDFB2E6,0xE9F2E8,0x353436,0x242222,0x1B1A2A,0x57611A,0xB1C614,0xB8D208,0xCCEA02,0xAED00C,0xA1C119,0x4F7339,0x768172,0xEAC0EF,0xC960D7,0xB700D1,0xB705D2,0xB802D3,0xB602CC,0xB504D2,0xB901D2,0xB600D1,0xBB00D2,0xB402CD,0xBA00D4,0xB605D0,0xB608D7,0xB906D1,0xB603CE,0xBA00D3,0xB504CF,0xB800D3,0xD380E3,0xE7C3EC,0xE8BAEA,0xCCA6D2,0x4C474E,0x4B484D,0x4D4850,0x4B474D,0x4D4B53,0x313031,0x282827,0x29292A,0x292929,0x2A2A2A,0x292A29,0x272727,0x3F4040,0x534C4E,0x4D4B4E,0x4F4F51,0x434345,0x786075,0xEBC5F0,0xC95DD6,0xB501D2,0xB805D0,0xB80BD3
0xBB0BD5,0xB902D2,0xBB06D3,0xB907D1,0xB700D3,0xE1B3E7,0xEBF4EA,0x353337,0x27261E,0x262C21,0x6F7E18,0xE3FF03,0xC9EB06,0xCCEC05,0xD3F804,0xC5E70D,0x1B4D01,0x56754A,0xFEFFFD,0xD182DB,0xB702D8,0xBA16CF,0xBB16D5,0xBA13D5,0xB915D5,0xBA15D7,0xB714D2,0xBD13D3,0xB715D0,0xBC15D3,0xB90AD5,0xB80BD7,0xBD07D0,0xB90BD2,0xBD15D5,0xBA15CF,0xB911CE,0xD7B1DC,0xECFDE4,0xEEF5E9,0xC9D3C5,0x262A16,0x26291B,0x2B2620,0x282920,0x2C2A17,0x272527,0x262629,0x262626,0x262626,0x272727,0x262626,0x282828,0x201F1F,0x1D1E1D,0x1F1E1F,0x232323,0x1C201E,0x5D5D65,0xF9F5F9,0xCF70DB,0xB701D7,0xB909D4,0xBA0CD8
0xBA0CD7,0xB904D4,0xBA07D4,0xB907D2,0xB700D4,0xE2B5E9,0xEEF7EA,0x302C37,0x3E461B,0xCAE512,0xC2E20D,0xCDF105,0xC9EA07,0xCEEE05,0xCDF105,0xBFE10E,0x27570E,0x5D7953,0xFBF9FB,0xD078DB,0xB100D1,0xDF9EEA,0xF9F1F8,0xF3DCF7,0xF3E1F6,0xF6E3F9,0xF1E1F5,0xF6E4FA,0xF1DBF4,0xFAECFB,0xC532D6,0xB400D1,0xB500D4,0xC639DA,0xFBEDFA,0xEFDCF1,0xFBE8FF,0x85A373,0x528936,0x5B8743,0x659836,0xA4DD0B,0xB7DC1F,0xE2EC48,0xD7E245,0xE7EC50,0x4F542C,0x1E1F24,0x282827,0x262626,0x262626,0x262626,0x272727,0x272727,0x2B2B2B,0x1C1C1A,0x333534,0xE8F8E7,0xDAAFDE,0xB910CE,0xB80ED4,0xBA06D6,0xB904D4,0xBA0BD8
0xB80BD6,0xB802D3,0xB807D5,0xB807CE,0xB502D1,0xDFB0E8,0xEAEFE8,0x30313C,0x434A1A,0xD3F204,0xC5EA07,0xCCEE07,0xC7E805,0xCCEC05,0xCBEF04,0xBEDF0C,0x25530B,0x5B7853,0xF5FAF4,0xD292D7,0xBF32D3,0xCBAAC5,0xCFE5C6,0xCCDCC4,0xCEDCC5,0xCFDFC8,0xCBDBC1,0xD1DFC2,0xCCD8BF,0xD2E4C4,0xC262CB,0xC132D4,0xC135D4,0xC263CD,0xD2E4C4,0xCCD4BE,0xD7E0C9,0x8EAE5D,0x719E2C,0x739D39,0x80AC27,0xB8EC0B,0xC6EC1C,0xECF341,0xE1E83B,0xEDF544,0x50542E,0x1E1C23,0x282827,0x262526,0x262626,0x262626,0x262627,0x272628,0x2A2B29,0x464044,0x615462,0xE4C6E7,0xD685DE,0xB600D1,0xB705D1,0xB907D4,0xB902D2,0xBA0AD4
0xBC0BD5,0xBA02D3,0xBD05D4,0xB80AD8,0xBA00D4,0xE6C3E9,0xF0FFF0,0x251B28,0x37410D,0xE1FF0C,0xD1F005,0xD0F004,0xCBEC04,0xCFEF04,0xCFF206,0xC2E20E,0x215008,0x5D7C54,0xFFFFFF,0xF4ECF9,0xFFFFFF,0x7EA36B,0x437B21,0x4C8434,0x4B802E,0x4D8230,0x4B802D,0x4E822D,0x4B8131,0x477C25,0xCBDACE,0xFEFBFF,0xFFFFFF,0xCADAC4,0x428026,0x4C8438,0x437F2B,0xB9D141,0xFAF944,0xEBF141,0xEBF348,0xECEE43,0xE7EC41,0xE9F343,0xEAF541,0xFFFF4A,0x55582B,0x1D1C25,0x292927,0x272727,0x272727,0x262626,0x292929,0x1D1E1B,0x161216,0xD7E6D7,0xF8F2FB,0xB606CD,0xB800D1,0xBE07D7,0xBC04D0,0xBE05D6,0xBA05D3,0xBC0DD5
0xB70BD3,0xB503D1,0xBA05D0,0xB606D2,0xB802CF,0xCD65D9,0xD391DB,0x817681,0x788663,0x84A70E,0xA1C007,0xD0F206,0xC5E605,0xCBEC04,0xCAED05,0xBEDE0A,0x3D6F1C,0x5A8346,0xB2C99F,0xB9D290,0xD7ED92,0xA3BF54,0x91B731,0x94B53A,0x92B43B,0x94B63C,0x92B43A,0x95B73C,0x91B43D,0x93B436,0xC1D87A,0xCEE68F,0xAFC49E,0xA6BB80,0x94B738,0x94B23B,0x91B538,0xC8DB3D,0xE7F045,0xE0EA40,0xE3E939,0xE3EE40,0xDEE93C,0xEDF03F,0xB5B733,0x939636,0x404027,0x212025,0x272726,0x262626,0x262526,0x272827,0x242324,0x5C575B,0x7C7A7A,0xC486C7,0xD476DF,0xB60BD2,0xB604D2,0xB905D2,0xB704CE,0xB905D4,0xB805D1,0xBA0DD2
0xBC0BD7,0xBA02D4,0xBB07D6,0xB905D7,0xBE06D9,0xB700D7,0xB602D3,0xFFEBFF,0xD7E4D0,0x0E3C15,0x638E15,0xDCFD06,0xC8EA04,0xD0F104,0xD1F204,0xC6E50B,0x5F8E31,0x538A38,0x42792A,0x75B00F,0xACF200,0xD6F227,0xF8F94B,0xF1F543,0xF2F741,0xF5F943,0xF0F541,0xF6FA44,0xEFF440,0xF7FA4A,0xBAEE01,0x99DF00,0x427D21,0x759E2E,0xFDFF4A,0xEEF340,0xF4FC47,0xEAF042,0xE9F241,0xE8F043,0xE8EF40,0xEAF144,0xE3EB3E,0xFAFD4A,0x737735,0x0B0C1C,0x272728,0x282628,0x272727,0x272627,0x282928,0x242525,0x0A090B,0xABB4AB,0xFFFFFF,0xBC21D2,0xB500D5,0xBE06D6,0xBA06D8,0xBE05D9,0xBB05D3,0xBD06D7,0xB700D1,0xB900D1
0xB80BD2,0xB703CF,0xB905D0,0xB704CF,0xB906D2,0xB803D0,0xB715CD,0xEDD8F0,0xC5D5BF,0x1D4917,0x699311,0xD5F805,0xC4E704,0xCBEE05,0xB9E704,0xB0E607,0x8CC610,0x95C421,0xB5CC44,0xBFD737,0xD2F12B,0xD9E838,0xE3EC3F,0xE1E93D,0xE0EA3C,0xE3EC3E,0xDEE93E,0xE4EE3F,0xDEE83C,0xE4EF3E,0xD3EA30,0xCDE82C,0xB1CD3F,0xBDD23E,0xE4F140,0xDDE83F,0xE4ED3D,0xE0EA3D,0xE5EE3F,0xE3EC3E,0xE3EC3E,0xE3EE40,0xDEE739,0xF3F842,0x797E32,0x1D1C23,0x292A27,0x262427,0x262625,0x282828,0x1D1E1D,0x585858,0xABA8A7,0xB272B9,0xC754D6,0xB815CF,0xB806D1,0xB906D1,0xB504D1,0xB906D2,0xB605CE,0xB603D2,0xD272E1,0xDD9FE4
0xBA0CD8,0xBA03D6,0xBB06D7,0xB905D3,0xBC08D6,0xBA02D7,0xB910D4,0xF7DCF6,0xCDD8C3,0x184511,0x6A930F,0xDDFE0F,0xC8EC07,0xCFF405,0xB1E704,0xABE905,0xB1EE00,0xC2EE0F,0xF7FA47,0xECED3F,0xEDF343,0xE7EB42,0xE8F33E,0xE8ED40,0xE6F040,0xE9F242,0xE4EE41,0xEAF342,0xE3ED40,0xE8F242,0xE7EC45,0xEBEE44,0xF2F641,0xEDF23F,0xEBF13E,0xE5EE40,0xEAF343,0xE4EE40,0xE8F142,0xE5EE41,0xE5EF42,0xE6F046,0xE1EC41,0xFCFF4A,0x7B8037,0x1A1925,0x2B2B26,0x282727,0x242324,0x272528,0x151215,0x7B787C,0xFFFFFF,0xC851D9,0xB500D2,0xBA06D7,0xBD03D5,0xBD03D5,0xBA04D6,0xBE07D7,0xBA04D0,0xB700CD,0xE8C6E9,0xFAFFF6
0xB90AD6,0xB802D3,0xBA05D4,0xB804D0,0xBB06D3,0xB903D2,0xBA07D3,0xBF29D4,0xBD50CB,0xD3DCD1,0x94A87D,0x36600E,0x88BA0D,0xB9F000,0xD0EA2D,0xDCED3A,0xD9EC33,0xDAEB38,0xE5EE41,0xE0E940,0xE7F041,0xE2EB3C,0xE6F03E,0xE4EC40,0xE4ED3D,0xE6EF40,0xE1EB40,0xE7F040,0xE5EC3F,0xECF83D,0xE6F13E,0xE7F241,0xE5EB42,0xE3E941,0xE7EE44,0xE2EA3E,0xE7F03F,0xE3EB40,0xE7EE44,0xE8F13E,0xE7EE3E,0xF5FC46,0xAFB235,0x3A3D21,0x32331F,0x202023,0x20201E,0x29292A,0xC0C3BE,0xCCCFCB,0xCCD8CB,0xC289C9,0xBD30D2,0xBA17CD,0xBC04D4,0xB705D1,0xBA03D3,0xB906D3,0xB807D4,0xB500D2,0xCD5FDF,0xF0CEF7,0x859B73,0x6B9551
0xBA0AD4,0xB903D1,0xBA08D1,0xB805CF,0xBB06D2,0xB904D2,0xBA09D4,0xB500CF,0xBD2BD2,0xFFFDFF,0xA0B297,0x12460B,0x7EB114,0xBAED07,0xDAEA36,0xE9EF41,0xE7EF41,0xE5EC41,0xE7F040,0xE2EC3D,0xE8F141,0xE3EC3E,0xE7EF3F,0xE4EE40,0xE5EE3E,0xE7F041,0xE2E93A,0xE3F238,0xD7DD45,0xD7DB41,0xD2D53C,0xD3DA42,0xDFEF35,0xE1EA39,0xE9EE3F,0xE2EB3F,0xE9EF43,0xDFEC3A,0xE1F036,0xD2DF41,0xD0DA3B,0xE0E449,0x9C9B41,0x292536,0x373638,0x3C393C,0x363436,0x433C41,0xE2D0E8,0xF2D7F0,0xF6E5F5,0xD47CE0,0xB400D4,0xB904CF,0xBC04D4,0xB804D1,0xB807D5,0xBB05D7,0xBC10D1,0xBA1BCF,0xCD80D4,0xE9F9E2,0x7BA050,0x5E8D2C
0xBB0CD7,0xBA01D8,0xC000DC,0xBB00D5,0xBB08D5,0xBA04D5,0xBB08D8,0xB500D1,0xBF29D4,0xFFFFFF,0xB4C8A8,0x41772B,0xB5CD43,0xFAFF43,0xE4ED42,0xE7F043,0xE7F042,0xE5EE41,0xEAF241,0xE4ED3E,0xE9F240,0xE4ED3E,0xE8F13F,0xE6EF41,0xE6EF40,0xE9F146,0xDBEB2E,0xE3FF00,0x72800F,0x17161A,0x282826,0x404020,0xD2F107,0xDCF417,0xEAF342,0xE4EC3E,0xEDF245,0xBDE813,0xA8E304,0x426F15,0x2F511E,0x161B0D,0x656B5D,0xF9FFF7,0xE5F0E3,0xEEF7EC,0xEAF7E8,0xEBE7E8,0xBC1CD0,0xB70AD4,0xBA11D5,0xB80AD0,0xBD07D8,0xB906D2,0xBD03D6,0xB904D6,0xBB07D5,0xB400D4,0xC33AD8,0xFEF1FF,0xA2B098,0x47822C,0xC7D845,0xEAF553
0xB90AD5,0xB210C8,0xA145B1,0xAE1EC1,0xBB05D7,0xB705CE,0xB90AD4,0xC53BD8,0xBF5ECB,0xBCC6B6,0x96B479,0x65A019,0x99AD36,0xB7BF3E,0xD3DF33,0xDFEE2F,0xE5EB40,0xE1EB3D,0xE6EF40,0xE0EA3D,0xE6EF40,0xE1EB3D,0xE5EE3F,0xE2EC40,0xE2EB3D,0xE9F142,0xCCD930,0xAAC712,0x78863B,0x525158,0x2E2E30,0x2E3421,0x97AF0C,0xB1C517,0xE8F344,0xE1E63E,0xE8EF3E,0xC5E81A,0xB6E612,0x365C1A,0x2E462A,0x505752,0x857187,0xE9B4ED,0xDBA9E0,0xE1AEEB,0xDDB3E1,0xDFA5E3,0xB811D1,0xB500D2,0xB904D3,0xB604CF,0xBA05D5,0xB706CF,0xBA09D3,0xB806D1,0xB912D3,0xC43DD8,0xC871C5,0xE2FAB5,0xAAC271,0x749C2C,0xCFDD3F,0xEEF143
0xC101DB,0xA43FB4,0x5AFF4E,0x906F9D,0xC300DD,0xB906D4,0xB816D5,0xFAE5FA,0xCBE2C9,0x11420C,0x5C8E0C,0xD4FF04,0x4E650A,0x000015,0xADCA05,0xD6F708,0xE7F03E,0xE6F042,0xEAF343,0xE6EE40,0xEBF444,0xE6EF41,0xEAF342,0xE7F043,0xE6EF40,0xF3FC43,0xB5BA4C,0x383841,0xB2B0B6,0xFFFFFF,0x565354,0x1D1B17,0x171825,0x555531,0xF4FB47,0xE3EB42,0xEBF143,0xE8F242,0xEAEF4D,0x363723,0x3E3E44,0xFFFFFF,0xE0A1EB,0xB600D4,0xB302D4,0xBA00D7,0xBB00D8,0xBE00DD,0xBC04D4,0xBA08D5,0xBC07D7,0xBA05CF,0xBD07D6,0xB600D2,0xBA00D1,0xB500D3,0xBD14D5,0xFEF2FF,0xDFF3B5,0xA0E700,0xCAEB1C,0xF6F74D,0xE7EE40,0xEBF046
0xB908D4,0xAC1EC3,0x8B7B90,0xA237B6,0xBD03D5,0xB604CB,0xB80FCB,0xEDDBF0,0xC6D0BF,0x235012,0x446A1B,0x6E8C10,0x778554,0x82818B,0xB9D81D,0xCFF005,0xE4E93B,0xE1E83F,0xE2ED3D,0xDEE83B,0xE4ED3E,0xE0E93C,0xE5EE3E,0xE1EB3E,0xE0E93C,0xEFF73F,0xABAF40,0x302E34,0x6A685E,0x91928F,0x4A4A4D,0x36352F,0x212223,0x5C5C2C,0xF0F43C,0xDFE53D,0xE5ED3E,0xE2E93B,0xE3E940,0x373522,0x3D3B3F,0xEFF7ED,0xD59BE1,0xB902CE,0xB70BCF,0xBC05D7,0x9856A7,0x94689F,0xB40CCE,0xB702D5,0xBA05D2,0xB707CE,0xB805D2,0xC449D7,0xD279DC,0xCE6DDB,0xCD80CC,0xCCE488,0xC7E860,0xC6E821,0xD2E62F,0xE6EA3F,0xE1E939,0xE6EC44
0xBB0DD5,0xBA02D8,0xC100DF,0xBC00D9,0xBC08DA,0xB902D7,0xBB0FD1,0xF6E0F7,0xCAD6C7,0x265816,0x284323,0x090414,0xACA9B0,0xFFFFFF,0xD2EB2E,0xCDEF02,0xE8F43F,0xE9F043,0xF6FB4A,0xEFF543,0xF2FA47,0xE9EF43,0xE8F245,0xE8EF44,0xE5EE41,0xF6FD47,0xA2A539,0x0E1020,0x1B1C22,0x171818,0x494646,0x535852,0x141226,0x54552C,0xF4FB49,0xE3EC41,0xE9F345,0xE7F23F,0xE7EF49,0x353121,0x3B3841,0xF7FCF8,0xDD9EE7,0xB901D6,0xB909D5,0xC101D9,0x72C16F,0x63ED5B,0xB417CC,0xBB02DB,0xBB0CD6,0xB807D2,0xB400D1,0xDD9FEC,0xFEFFFF,0xF9FAFF,0xF0FFDC,0xA5E600,0xB8EA05,0xF3F54E,0xE8EE40,0xEAF043,0xE7EE40,0xEBF149
0xB90AD3,0xB802CF,0xB709CF,0xB705CF,0xBB04D2,0xB702D2,0xB80FCE,0xF1DBF2,0xC6D4C3,0x235210,0x34502B,0x444542,0x53524E,0x5F5D63,0xC5D136,0xE0F02E,0xEBF141,0xBFD037,0x5B7D21,0x72962F,0x82AA36,0xC2D73C,0xEAF33E,0xE3E83D,0xE2EB3B,0xEAF242,0xC7D22D,0x9DB50C,0x5A651D,0x231D29,0x2E2B32,0x3A4132,0x93A60A,0xAAC11A,0xEAF242,0xE2E53F,0xE8EC3D,0xE2EC3D,0xE4EB42,0x55772C,0x5C764F,0xF4F9EF,0xD99AE1,0xB500D4,0xB706D1,0xBC05D6,0xA338B5,0xA143B1,0xB70BD0,0xB707D1,0xB704CD,0xC642D2,0xE2AAEE,0xC4C585,0xBDEA45,0xBBE24D,0xC1E546,0xD1ED33,0xD6E930,0xE6EF3F,0xE0EA3B,0xE6EE3F,0xE2E93D,0xE6EC45
0xBA0CD7,0xB803D5,0xBA07D6,0xB905D2,0xBC07D5,0xB804D5,0xBB12CF,0xF3DDF3,0xC8D6C6,0x245514,0x3A5532,0x5A5A5B,0x313229,0x151717,0xC3CB44,0xEFF544,0xF2F546,0xB1C639,0x164510,0x3C6F23,0x508839,0xB9CB3A,0xF1F743,0xE6ED3F,0xE6F041,0xEAF246,0xDCEE2D,0xE5FF01,0x738912,0x1D1E27,0x252620,0x383D1E,0xD0F507,0xDAF614,0xE7F546,0xE1EE42,0xE7F345,0xE3EE3F,0xE4F047,0x689D2E,0x6E9A52,0xF1F9F0,0xDA9DE3,0xB905D3,0xB80DD2,0xBC06D9,0xBF00D7,0xBF00DC,0xBB08D4,0xBA0CD5,0xB401D3,0xCC6DD9,0xFFFFF9,0xBDE951,0xA7E900,0xA8E700,0xB0E902,0xEBF240,0xE9EE3E,0xE9F344,0xE5EE3F,0xE9F143,0xE6ED3F,0xEAF048
0xBA0AD7,0xB902D3,0xBA04D4,0xB904CF,0xBD06D3,0xB700D5,0xB704D1,0xF8E2FC,0xD4E2CE,0x4C832E,0x3D5D2E,0x1E152A,0x3F5C2F,0x508038,0xCCD73E,0xECF540,0xE7EE3F,0xDEE73C,0xD0DB3E,0xD0DC3C,0xD7E644,0xE0E83B,0xE8F040,0xE4EE41,0xE5EE3D,0xE7F040,0xE1E93E,0xE6F03A,0xD3D83F,0xCDD43A,0xCBD03F,0xCED341,0xEAEE36,0xC6E63F,0x71E060,0x78DB57,0x73DD5A,0xCAE74A,0xF7EF3E,0xA9E10D,0x90CA13,0x396828,0x798870,0xF3D4F7,0xCA58D9,0xB801D1,0xB70AD3,0xBB07D5,0xB300D2,0xBE27D1,0xF9D9FB,0xB1B4A8,0x568841,0xB2C946,0xE8F539,0xDBE83C,0xDFEF35,0xE5EF40,0xE3EC3F,0xE8F142,0xE3EC3C,0xE7F042,0xE4EC3D,0xE9EF44
0xBA0BD4,0xB802D0,0xB806D4,0xB606D1,0xBB02D6,0xBE29D2,0xBF44D2,0xC8C0C8,0xB2C7A0,0x77A230,0x647E2F,0x444624,0x658230,0x7AA631,0xC6DD31,0xDDEF36,0xE2E941,0xE1EC3E,0xEBF340,0xE4ED3C,0xE9F13F,0xE1EA3D,0xE3EC3D,0xE1EB3F,0xE1EB3D,0xE4ED40,0xDDE93B,0xDAF130,0xE0EA3C,0xEEF541,0xE9F040,0xE6F23E,0xCFEE4B,0xABE34F,0x5DD961,0x61D861,0x5FD863,0x9AE142,0xBBE633,0xB9ED07,0xA0D508,0x173C0C,0x667B5E,0xFDFFFA,0xCA6BDA,0xB700CF,0xB80AD0,0xBB0BD4,0xC02ED1,0xC059CA,0xD8ECD1,0xA7BF81,0x639521,0xBBCF3C,0xEEF542,0xE3EA43,0xE7ED3E,0xE5EE3D,0xE2EB3D,0xE7EF41,0xE2EB3C,0xE6EF41,0xE3EB3D,0xE8EF44
0xBB0CD8,0xB904D5,0xBB06D8,0xBB06D0,0xB602D4,0xE5B7E8,0xF1FBEC,0x2E5723,0x466B18,0xF9FE49,0xEEEC41,0xF2F745,0xEAEE45,0xF0F446,0xB2E50A,0xAFE505,0xEFFA41,0xEEF641,0xF2F942,0xEEF641,0xF6FD46,0xF1F843,0xF6FD44,0xF0F744,0xF0F641,0xF7FB49,0xD8F030,0xA5E600,0xCAEB28,0xEEF34B,0xE9EB46,0xDBED4B,0x71DE64,0x6BDC69,0x73DE6E,0x6FD963,0x77E46F,0x21CE20,0x00C800,0xBCF00B,0xBDD20F,0x191C19,0x696567,0xFCFBFC,0xCB6BDD,0xB900D5,0xB700D3,0xBB01CF,0xFDEEFF,0xD9E6D3,0x3B762B,0x8EAE3A,0xFBFF49,0xE2ED40,0xE9F241,0xE5F043,0xE7F141,0xE9F242,0xE5EF42,0xEAF345,0xE5EF41,0xE9F245,0xE7EE3E,0xEBF145
0xB70BD4,0xB603D2,0xB806D4,0xB805D0,0xB700D1,0xDEB0E6,0xE7F5E6,0x355A28,0x3F6F1D,0xB2E753,0xBBE23A,0xDCEF26,0xD4E32A,0xDAED25,0xC4E618,0xBEE322,0xAEC934,0xA9C43B,0xADC83D,0x9EBA38,0x9AAF2E,0x97AF31,0x9AB232,0xA8C239,0xABC539,0xABC840,0xAFCF24,0xB8E902,0xC8E615,0xDCED27,0xDBE823,0xCAE52A,0x42D73D,0x3CD53B,0x3DD83B,0x3CD33A,0x42D83D,0x14CC11,0x02CD01,0xB8EF02,0xB9CD0B,0x19181A,0x656467,0xF9FCF8,0xC866DA,0xB300D0,0xC54FD8,0xC96DD9,0xB2BDA8,0xA8C186,0x8BAE31,0xB0C837,0xEAF142,0xDEE63D,0xE5EC3E,0xE1E93E,0xE2EB3F,0xE3EC3E,0xE0EA3E,0xE6EF40,0xE0E93A,0xE5ED3F,0xE2E93A,0xE6EC43
0xBB0DD6,0xBA04D4,0xBC07D5,0xBB07D1,0xB901D1,0xE4B4EC,0xEEFBEB,0x395B29,0x346B22,0x64DD71,0x8AE140,0xD7EF00,0xC7ED02,0xCDF000,0xEBEF3C,0xDEE84B,0x4D8334,0x498037,0x5B8E3C,0x3D6825,0x1D4816,0x224817,0x234715,0x4F7C36,0x57883A,0x427A37,0x73A627,0xDCFB03,0xCBEA06,0xCFEF00,0xCFF000,0xB8ED02,0x05CE00,0x00CE00,0x00D100,0x00CC00,0x00D600,0x00CE01,0x07CD03,0xBCF105,0xBCD30F,0x191A19,0x686669,0xFDFEFD,0xCF6ADB,0xB400D0,0xE8C8EB,0xF1FFEA,0x548535,0x6D9C2E,0xFEFD4C,0xEBF141,0xEBF245,0xE5ED43,0xECF244,0xE7EF43,0xE8F144,0xE9F243,0xE6EF43,0xEBF445,0xE6EF40,0xEAF244,0xE6EE41,0xEBF14B
0xB80BD4,0xB603D2,0xB806D3,0xB707CF,0xB501D0,0xDEB1E7,0xE7F6E4,0x3A5928,0x256E19,0x25D52B,0x69D616,0xD5F406,0xC4E607,0xCCEB05,0xD1E914,0xCBE919,0xA9CB15,0x7FB816,0x239C1A,0x1D9013,0x11870F,0x119C0D,0x13A80A,0x1FB116,0x39B819,0xA1C515,0xADD111,0xCDF004,0xC7E605,0xCBEE03,0xCFE704,0xB7E807,0x0CCE04,0x02CB03,0x04CF04,0x04C903,0x04CE04,0x02CA03,0x04CE03,0xB7EE04,0xB9CF0F,0x181919,0x666467,0xF9FBF9,0xCA67D9,0xB101CE,0xDFB4E7,0xE6F0E1,0x5F8B47,0x729D29,0xD6EF17,0xD4E725,0xE6EF42,0xE0E63B,0xE6EC40,0xE2E93D,0xE3EC3E,0xE4ED3E,0xE0EA3E,0xE5EF42,0xE0EA3D,0xE4ED41,0xE2E93C,0xE6EC44
0xBB0BD6,0xBA02D3,0xBB06D6,0xBA06D4,0xBA00D2,0xE4B2E9,0xECF9E9,0x3F5B2E,0x206E11,0x00CE00,0x50D505,0xDFF407,0xC8EA06,0xD0F105,0xCBEE01,0xCCEC02,0xE1FA02,0x9BDE08,0x00A100,0x00A500,0x00A400,0x00C600,0x01D501,0x00D100,0x1FD802,0xD5FA06,0xD2F001,0xCFF204,0xCCEA03,0xCDF305,0xD2EC03,0xB9ED09,0x0ACD03,0x00CC03,0x04D303,0x04CC00,0x04D505,0x02C902,0x06CB04,0xBBF105,0xBCD30E,0x181A19,0x686568,0xFDFDFC,0xCD67DC,0xB100CE,0xE9BDE8,0xEFFDEA,0x5E8941,0x6D9E20,0xD0F400,0xD4EB18,0xEDF445,0xE4EC41,0xEAF340,0xE7EE41,0xE8EE40,0xEAEF40,0xE6EC3F,0xEBF343,0xE5EE3E,0xE9F143,0xE6ED41,0xEAF04A
0xB90BD3,0xB803D0,0xBA05D3,0xB906D1,0xB501D0,0xE1B4E9,0xE9FBE8,0x375A26,0x1C6A0C,0x00D203,0x50DB06,0xDBF006,0xC6E804,0xCDED04,0xC9EB06,0xC9EA06,0xD5EC05,0x93DF0B,0x00C100,0x28CD27,0x59D759,0x56D04E,0x57D955,0x02CC0D,0x1BD002,0xC9EE07,0xC9E703,0xCDF003,0xC9E804,0xCEEE03,0xCAEC04,0xC7E904,0xB1EA06,0x77DD0A,0x00CD02,0x00CD03,0x00CC02,0x75DB0A,0xAFE90A,0xCBEF03,0xB4CF0E,0x1A1918,0x686768,0xF9FAF9,0xE2CDE5,0xEBC0F1,0x8AA37B,0x719C4A,0xB1D512,0xB9DF0C,0xCCEF05,0xCAE80A,0xD3EF0E,0xCCEB0E,0xD1ED11,0xE0ED37,0xE6ED42,0xE6EE40,0xE3EA40,0xE7F040,0xE2EB3B,0xE7EE3F,0xE3EA3D,0xE7EE46
0xB90CD7,0xB803D5,0xBA06D6,0xB907D2,0xB701D5,0xE09EEA,0xE7DFE6,0x4A5F3B,0x2E731F,0x07C408,0x5ACE0B,0xD9F107,0xC5E903,0xCEEF02,0xC9EE04,0xC9ED04,0xD6F103,0x9BE40A,0x10CA05,0x42D22F,0x75DF6E,0x65D95F,0x63E15D,0x1CCB0D,0x2FD104,0xCBF006,0xC9EC04,0xCDF202,0xC9EA02,0xCEF003,0xCAEB03,0xCBED06,0xDEF202,0x9EE309,0x11D007,0x18CD07,0x12CE04,0x9CE008,0xDEF203,0xCEF305,0xB5D10C,0x191C18,0x676969,0xFAFAFA,0xE0E7DD,0xE9F6E6,0x79A151,0x5D9514,0xCAEC09,0xD1F202,0xCDF005,0xC9E905,0xCDF103,0xC8EA01,0xCCEF00,0xDFED2B,0xE5EF3D,0xE4F03A,0xE2EC3B,0xE7F142,0xE2EC3E,0xE6EF42,0xE4EB3F,0xE8EE47
0xBB0AD7,0xB901D4,0xBC05D5,0xBA04D2,0xBE05D5,0xBA0DD2,0xBA1FD0,0xEBE1EB,0xCDE3C0,0x3F8625,0x83B417,0xE3FF01,0xCAED06,0xCEEF05,0xCAEF03,0xCDEE03,0xCFEF02,0xC8EB05,0xCBF309,0x92E233,0x62DD6F,0x19D020,0x00CE02,0xABEB08,0xCBF007,0xCDF003,0xCAEE02,0xD0F201,0xCBEA02,0xCFF101,0xCBEB03,0xCCEE03,0xCCF002,0xC7EC05,0xC6F204,0xC4EA03,0xC6F206,0xC7EB03,0xC9F103,0xD0F703,0xB6D10E,0x181A1A,0x656668,0xFBFBFB,0x9BB486,0x53832F,0xB2D418,0xCEF207,0xCBEA03,0xCBEC02,0xCFF103,0xCBE903,0xD0F003,0xCAEC03,0xCFF102,0xCDEB04,0xCFEE06,0xCDEE04,0xD3EB16,0xEBF446,0xE6EB40,0xEAF144,0xE7ED40,0xEAEF4B
0xB90BD3,0xB803D0,0xB907D2,0xB805CF,0xBC07D1,0xB801D2,0xB70DCF,0xE19EEA,0xCDAECB,0x799C65,0x8AAA41,0xA1B916,0xB7D50B,0xCEF306,0xC9E904,0xCBEB07,0xCCEB07,0xC8E903,0xD3F103,0xA4E024,0x81DF4A,0x4CD219,0x36CF08,0xBAE707,0xD1EA05,0xCBED07,0xC8E905,0xCDED04,0xC9E506,0xCDEE04,0xC8E907,0xCBEB06,0xCBEC06,0xC9E808,0xD0EC03,0xC9E904,0xCFEF03,0xC8EA05,0xCAED05,0xD0EF06,0xB4D110,0x1E2B14,0x666F60,0xF5F5F6,0x94B280,0x4B8528,0xB0D313,0xCEF104,0xCAE907,0xC9E905,0xCCEE05,0xC8E706,0xCDEE06,0xC7E805,0xCDEB05,0xCAE805,0xCAEB05,0xCAEB05,0xCEE80F,0xE0F033,0xDAE72E,0xDBEC32,0xD7E92D,0xDDE935
0xBB0CD9,0xBA04D6,0xBB07D7,0xBB05D3,0xBE05D5,0xBA08D6,0xBD0BD5,0xB600D2,0xBD2BD0,0xFFFFFF,0x9FA09E,0x040117,0x8F9D13,0xDCFC04,0xCAEB07,0xCEF107,0xCFF107,0xCCEE03,0xCFF303,0xCDEE06,0xD4F703,0xD3F10A,0xD7F50C,0xCEF004,0xCEEF05,0xCFF305,0xCBEF02,0xD0F302,0xCCEC04,0xD1F302,0xCCEF05,0xCFF104,0xCEF203,0xCCEE06,0xD0F302,0xCBED02,0xD0F303,0xCCEE04,0xCEF202,0xD5F303,0xB5DA0A,0x114109,0x648760,0xFFFFFF,0x9AB884,0x417C16,0xBCDF0E,0xE0FF04,0xCEEF04,0xCCEF04,0xCFF306,0xCBEC06,0xD0F306,0xCAEE04,0xD0F203,0xCDEE04,0xCDF205,0xD0F004,0xCCEF03,0xCEF202,0xD3F300,0xDCFF01,0xD7FE00,0xDEFB0C
0xB80AD2,0xB604D1,0xB807CF,0xB308CF,0xB906D2,0xB409CE,0xB70BD3,0xB602D0,0xBD2DD0,0xF6F6F5,0x9A9C98,0x0F0A1A,0x8E9E14,0xD5F706,0xC4E803,0xC9EC04,0xCAEB04,0xC6EA02,0xCAF005,0xC7E705,0xCBED04,0xC5E906,0xC8EB03,0xC7EB05,0xC9EA06,0xCAEC04,0xC6EA03,0xCBEF03,0xC7E704,0xCBEE02,0xC7E905,0xCAEB04,0xC8ED04,0xC7E905,0xCBED04,0xC7E902,0xCBEE03,0xC7E704,0xCAED02,0xCCEA06,0xBDDD0F,0x7D9929,0x82944F,0x898A8D,0x92A28A,0x9AB583,0x84A92C,0x84AD0D,0xC2E409,0xC7E802,0xCBEE04,0xC6E705,0xCBED04,0xC6E904,0xCBED03,0xC7E904,0xC9EA04,0xC8E705,0xC4E505,0xCEF004,0xA1BA10,0x7D8D19,0x7F9514,0x819322
0xBD0CD2,0xBE00D6,0xC100D9,0xBA03D6,0xBD07D8,0xBD00D7,0xC200D8,0xB700DA,0xC030D1,0xFCFCFC,0x9EA09C,0x0E0A1B,0x8EA514,0xD9FC00,0xCAEA04,0xCEF006,0xD0EF05,0xCDEF02,0xD1F303,0xCDEC05,0xD1F304,0xCDED05,0xD0F004,0xCDF105,0xCEEE06,0xD0F104,0xCCEE02,0xD1F303,0xCDEB04,0xD0F202,0xCDED06,0xD0F005,0xCFF305,0xCDED05,0xD1F204,0xCCEE02,0xD1F303,0xCEEC04,0xD0F103,0xC9F100,0xD0EC08,0xFFFF49,0xACB03B,0x000002,0x949796,0xFFFFFF,0x416341,0x124400,0xCEEF0E,0xD8F908,0xD0F104,0xCCEB06,0xD1F206,0xCBED04,0xD0F103,0xCDED03,0xD0F004,0xD8FF05,0xD4F803,0xEAFF0A,0x71820D,0x00001C,0x120C1A,0x101016
0xBB05D5,0xAA27BD,0x7AA67F,0x9D43AE,0xC100D9,0x8C7196,0x829586,0xB10AC9,0xBC2CD1,0xF8F8F7,0x9A9C99,0x0B0B16,0x99A02E,0xEAF72B,0xC7E80B,0xC8EC06,0xCBEC07,0xC8EB04,0xCBF004,0xC8E805,0xCCF005,0xC8EA06,0xCBED05,0xC8ED06,0xC8EB05,0xCCEE05,0xC7EB04,0xCBEF04,0xC7E705,0xCCEE03,0xC8E905,0xCAEB05,0xC9EE05,0xC8E905,0xCCEE05,0xC7EA03,0xCCEF04,0xC8E904,0xCAEE04,0xD8EB23,0xDAE72E,0xECF342,0xA3A73D,0x110F17,0x94968F,0xF5F7F3,0xB9C4B2,0xABBC9C,0x5C8421,0x6F9C0D,0xD0F205,0xC6E805,0xCCEE06,0xC7E905,0xCAEC05,0xCCED03,0xBEDC0A,0x5D6714,0x58661B,0x536012,0x848861,0xB3B6B3,0xACAEA9,0xB1B3B1
0xBE02DB,0xA23EB4,0x5EFC4F,0x8F6F9F,0xC400DF,0x76B475,0x66E562,0xB10FC7,0xC229D4,0xFBFBFB,0x9D9F9C,0x0B0A16,0xA0A33D,0xF8FB48,0xCDE710,0xCBEE04,0xCEF005,0xCBEC04,0xCEF405,0xCAEB06,0xCFF006,0xCAED05,0xCEF005,0xCBF006,0xCCED06,0xCEF006,0xCAEC05,0xCFF104,0xCBE906,0xCFF104,0xCBEC05,0xCDEE04,0xCCF006,0xCBEB07,0xD0F006,0xCBEB05,0xD0F105,0xCCE807,0xD0ED06,0xE3EF3D,0xE5EB48,0xF4FB41,0xA7AA3C,0x0E0C15,0x969594,0xFBFBFB,0xF5F1F3,0xF3EFEF,0x285128,0x42660F,0xD6F60E,0xC8EA0A,0xCEEF07,0xC8EC09,0xCDF205,0xD1F206,0xB9D610,0x1F1E22,0x1D1C2B,0x0E0C17,0x8D8792,0xFFFFFF,0xF5F4F3,0xFFF7FC
0xBE01DC,0xA33BB4,0x62EA5B,0x6ACB67,0x77B778,0x65DA5F,0x6BD567,0xAF12C5,0xC029D2,0xFAFAFA,0x9C9E9B,0x0C0816,0x9FA239,0xF4FA42,0xDDEA35,0xE1EF39,0xE4F13B,0xDAEE25,0xCBF200,0xC9EB02,0xCDF001,0xC9EB03,0xCDEE03,0xCAEE03,0xCBED04,0xCDEF04,0xC9EB02,0xCEF102,0xCAE803,0xCEF002,0xCBEB04,0xCDED03,0xCCF003,0xCAEC03,0xCCF002,0xC9EB00,0xCCF002,0xD9EB27,0xE5F236,0xE4EE3E,0xE1EC3D,0xF2FA43,0xA6A93D,0x0D0B14,0x939690,0xFAFBF9,0xC34AD1,0xB827CD,0xDFDBDD,0xB8CFA8,0x2A5607,0x76A00F,0xDEFE04,0xC7EA05,0xCDF10C,0x71A21E,0x6E9940,0xDDDDD8,0xDBD3D5,0xD9DFD8,0xC57ED0,0xBC1DD2,0xB924D4,0xBB28D4
0xBD03D9,0xA734B7,0x73BE74,0x6BC964,0x65E362,0x6FC26A,0x7AAD7C,0xB00EC8,0xBD2CD0,0xF9F9F9,0x9CA09A,0x0E0B15,0x9EA437,0xF3F847,0xE2E53E,0xE5EC41,0xE6EC43,0xDDE931,0xD0EE0B,0xCCE90B,0xD1F00A,0xCBEB06,0xCDEE04,0xCAEE05,0xCBED04,0xCCEF05,0xC9EC03,0xCDF102,0xC9E903,0xCDEF02,0xC7EA06,0xC9EC05,0xCCEE04,0xCBE907,0xD0EF0D,0xCCE90C,0xCFF009,0xDDEB31,0xE8EF45,0xE4EB3F,0xE1E93F,0xF1F945,0xA6AB3D,0x0D0D16,0x959493,0xFAFBFB,0xBD31D0,0xB502CF,0xF3CAF8,0xCABFC7,0x2C552F,0x6E9521,0xC0E30F,0xBFE107,0xCFF006,0x70A021,0x6E9945,0xD7E0CE,0xDDDFDF,0xFBFFF8,0xD178DE,0xB400D4,0xB800D0,0xBA03CD
0xBC0AD9,0xB709D1,0xBE07DA,0x8A7E8C,0x5DFF55,0xA242B6,0xBD08D8,0xB900D2,0xBF2ED2,0xFBFCFB,0x9B9A9C,0x040014,0x9CA13B,0xF9FC40,0xE3E93F,0xE8F044,0xF1F841,0xECF33E,0xE9F241,0xE4ED3C,0xEBF541,0xD1EE14,0xCBF100,0xCBEE02,0xCCEF00,0xCEF100,0xCAEC00,0xCEF400,0xCAED02,0xD2F502,0xB0EA01,0xABEB00,0xCBF000,0xD2EB13,0xEBF43E,0xE4ED3F,0xE9F341,0xE5EE41,0xE9F141,0xE7F03D,0xE4ED3F,0xF5FB44,0xA8A93C,0x0C0814,0x95949A,0xFCFCFC,0xC13AD4,0xBA02DA,0xB100D1,0xBE2ECF,0xFFFFFF,0x9EB294,0x093B08,0x92B713,0xD9FA04,0xCEEE06,0xBCDF0C,0x224F09,0x5E7D56,0xFAFAF8,0xCF78D9,0xB902D3,0xBB09D3,0xBB0ED7
0xB80BD1,0xB704CF,0xBF00D9,0x994EA3,0x7CA37F,0xAB24BF,0xBB02D6,0xB605CE,0xBC32D0,0xF3F1F2,0xA9B293,0x3B5413,0xACB837,0xEFF243,0xE0E640,0xE0E740,0xB8CD3D,0xC1D43D,0xE8EF40,0xDFE93E,0xE7EF40,0xD5E822,0xD3EB11,0xD2E916,0xD1EC16,0xD3EE16,0xCEEA15,0xD5EF14,0xC6E40A,0xBFEC00,0xBCE212,0xBEE519,0xD0EB13,0xD6E721,0xE7EF42,0xE0E940,0xE5EE40,0xE0EA3E,0xE4ED3E,0xE2EB3D,0xDFE93D,0xEEF844,0xA5AD39,0x12200D,0x949890,0xF5F4F4,0xBE38D2,0xB907CE,0xC545D8,0xBC61C5,0xB3B2B0,0x869C6A,0x467A0F,0x9FC50F,0xD3F102,0xCDE903,0xB9DE0A,0x24540D,0x5E7F53,0xF3F7F3,0xCA76D7,0xB604D4,0xB609D2,0xB70BD6
0xBB0CD9,0xBA04D7,0xBC07D6,0xBB01D9,0xC200DD,0xBB05D4,0xBC08D9,0xB400D1,0xC128D4,0xFFFFFF,0xDCF797,0xACF300,0xD3ED29,0xEDF34A,0xECF03A,0xDCE943,0x4C7D2D,0x749C3A,0xF3F944,0xE4EE42,0xECF342,0xE7F041,0xEBF545,0xE9F146,0xE9F243,0xEBF445,0xE6EE43,0xF1F647,0xC7E921,0xA9EA00,0xDCEF37,0xEFF24A,0xEAF445,0xE9F043,0xECF242,0xE6EF43,0xEBF544,0xE6F041,0xEAF343,0xE8F241,0xE5EF42,0xF5FD48,0xA5BB38,0x033700,0x9AB194,0xFFFFFF,0xC22CD3,0xB500D2,0xFFFFFF,0xD3DCD2,0x000013,0x556E11,0xC3FF08,0xBEEE05,0xD1F202,0xD1F203,0xBDE107,0x17470B,0x5B7B5B,0xFFFFFF,0xD576E3,0xB500D1,0xBB03D3,0xBC0DD9
0xB70CD4,0xB604D1,0xB707D2,0xB605CF,0xBA07D2,0xB604D1,0xB80BD2,0xD573DF,0xC285C8,0x7A7784,0x99A659,0xCCEB1F,0xD4E732,0xE7ED40,0xE2EC3F,0xDAE840,0x85BB18,0x9BC627,0xE9EF3F,0xDEE83E,0xE5EF3C,0xDFEA3E,0xE3ED41,0xE1EB3F,0xE2EB3C,0xE4EE3D,0xDEE740,0xE6EF40,0xC0E421,0xA7E901,0xD3EA32,0xE5EA41,0xE3EB3C,0xE1EA3C,0xE5ED3D,0xE1E73C,0xE5EE3E,0xE1E83D,0xE5EB3F,0xE1EB40,0xE1EA3E,0xE9F041,0xC3D13B,0x89A42F,0x83925D,0x7B7A7E,0xBD7FC4,0xD280DB,0x867B8B,0x7D7F63,0x6A8A19,0x8DB011,0xBFEE04,0xBDE707,0xCAED06,0xC9EB04,0xC1E008,0x7EA90C,0x7D9E33,0x7E9578,0xA98BA9,0xD882E2,0xBB1DD2,0xB607D1
0xBC0BD5,0xBA02D3,0xBC06D5,0xBA04D3,0xBD06D6,0xBA02D6,0xBA12D3,0xFAEEFA,0xCDDAC8,0x05030D,0x6C6C2B,0xFDFF4D,0xE4E941,0xEBEF43,0xE7EF43,0xE4F239,0xB2ED00,0xC1ED0E,0xF3FB46,0xE8F03F,0xECF240,0xE5EF41,0xE9F242,0xE7F141,0xE8F13F,0xE9F241,0xE6F03E,0xF4FB4A,0xC8EA1D,0xA5ED00,0xD9EC33,0xEBF047,0xE8F342,0xE7EF3E,0xEAF342,0xE5ED3F,0xEBF144,0xE6EE45,0xEBF340,0xE8ED43,0xE8EE41,0xE9F141,0xE5EF42,0xFFFF4C,0x7B7F2C,0x01000A,0xCDD5CC,0xFFFFF8,0x17132B,0x2F3F0E,0xBFFF06,0xBEF006,0xD4F604,0xCBEB05,0xD2EC01,0xCCEF02,0xCEEF06,0xECFF05,0xA9D208,0x043900,0x8AA87E,0xFFFFFF,0xC138D5,0xBA00D3
0xB80CD5,0xB603D3,0xB807D4,0xB605D3,0xBA07D6,0xB604D2,0xB90FCB,0xEFDBF0,0xC9C9C3,0x16181F,0x727430,0xF5FA43,0xDDE43F,0xE6EE3E,0xE2EB3D,0xE2EA40,0xD9EE32,0xBCD733,0x729D34,0xACC63B,0xEEF542,0xDFEA3F,0xE5EE41,0xE3EC40,0xE2EB3D,0xEBF340,0xC2D03B,0x719C35,0xADCA35,0xDEF030,0xDFE53A,0xE5ED3F,0xE5ED3F,0xE2EB3D,0xE6EF3F,0xE1E83E,0xE7F045,0xD4EC1F,0xD1EF0F,0xE0EC3B,0xE5E940,0xE5EF3E,0xDCE641,0xF2F640,0x7A7C37,0x1B1B23,0x4E694D,0x5E7F50,0x87AE19,0x93BF0C,0xABE604,0xABE205,0xB3EB04,0xBEE906,0xCFEF06,0xB9EC03,0xA8DD06,0x547F0B,0x476517,0x192613,0x899083,0xF9F9F9,0xBF30CB,0xB504D1
0xBA0CD6,0xB803D3,0xBA06D4,0xB805D2,0xBA08D5,0xB803D5,0xB90FD1,0xF3DFF4,0xCACEC7,0x13141E,0x6F7432,0xF3FB42,0xE0E63E,0xE9EF43,0xE5EA40,0xE5EE41,0xF1F646,0xC1D441,0x427E2F,0x99B83C,0xF3F943,0xE1EB41,0xE7F044,0xE5EE43,0xE3ED41,0xEFF742,0xB5CA3B,0x427B2F,0xA7BF3F,0xF7F944,0xE2EC42,0xE5EF41,0xE7F043,0xE4EE40,0xE9F244,0xE2EB41,0xE9F23E,0xCFE615,0xC9EB02,0xE2EE38,0xE6EE45,0xE8EE44,0xE1E83F,0xF5FB42,0x7A7C33,0x1B1627,0x264B13,0x2B600C,0xABE608,0xB5F102,0xAFE606,0xABE306,0xA9EA04,0xBBE708,0xCBEA08,0xAFE506,0x99D40A,0x2B5A1E,0x2C462B,0x1E1323,0x8B848F,0xF9F1F9,0xBF30D2,0xB902CF
0xBB0AD6,0xBA01D3,0xBC04D3,0xB904D1,0xBC06D4,0xB901D4,0xBA0FCF,0xF3DFF3,0xCACCC8,0x171221,0x5F741A,0xC0F706,0xCEE627,0xEBF246,0xE4EC3F,0xE5EE3F,0xEEF53D,0xC1D43D,0x488131,0x9CBA39,0xF4F940,0xE1EB3D,0xE8F040,0xE5EE3F,0xE4EE3E,0xF6FB44,0xB9CD3D,0x457D2D,0xA5BF39,0xF2F841,0xE2EC42,0xE6EF42,0xE7F040,0xE5ED3C,0xEAF143,0xD9EC22,0xDCF602,0x80A925,0x5B8F2D,0xD6E345,0xE9F03F,0xE8EE45,0xDAE82C,0xDCFA06,0x727A1E,0x151523,0x8DB713,0xB1EA0D,0xA8E704,0xAAE503,0xADEB03,0xAAE702,0xBDFB05,0x5D9309,0x2B560C,0x2D5B0A,0x416B21,0xE0F7DD,0xD1ABD2,0xA803BF,0xB513CD,0xC01FD6,0xB909D5,0xBD07D4
0xB90BD4,0xB703D1,0xB905D2,0xB705D0,0xB908D3,0xB702D3,0xB90ECE,0xF2DFF2,0xC8CFC7,0x181521,0x55691B,0xA1E406,0xC4DE2B,0xEBEF47,0xE1EC3E,0xE3EC42,0xEBF343,0xC5D738,0x5C9326,0xA2C13A,0xEEF444,0xDEEA43,0xE5EF41,0xE4ED42,0xDFE842,0xD1DF40,0xACC33D,0x669534,0xB0C73B,0xEEF540,0xE0EA41,0xE4ED40,0xE5EF42,0xE1EC3F,0xE7F046,0xC9E026,0xBAE208,0x84AD30,0x6F9937,0xD8E13C,0xE7EE3E,0xE7EE41,0xD7E827,0xD6F901,0x707E1C,0x181826,0x7EA30D,0x9ED006,0xA6E008,0xA8E403,0xACE905,0x9DD209,0x98CA10,0x608A29,0x44643E,0x476A38,0x597853,0xE8D0EB,0xD98EE4,0xBA00D8,0xB705D6,0xB800D3,0xB805D0,0xB80ECE
0xBC0BD8,0xBA02D4,0xBC06D5,0xB905D2,0xBC09D5,0xBA02D6,0xBA0FD1,0xF5E1F5,0xCACFC8,0x1E1A1E,0x3C502C,0x558E34,0xB0C43B,0xF4F946,0xE4EC41,0xE7F142,0xEBF244,0xD7ED30,0xA6EA00,0xCAF01F,0xFAFD44,0xE7F13F,0xE7F341,0xEBF741,0xD5E241,0x538F2E,0x89B139,0xF9FB48,0xE5EF43,0xEAF33E,0xE6EF41,0xE8F141,0xE8F143,0xE6EF3F,0xFFFF41,0xA2BF3A,0x407729,0xBCD241,0xF4FB45,0xE6EE40,0xE7F043,0xEDF348,0xDCEA2C,0xDDFD02,0x69771E,0x0E0D2A,0x232028,0x2A3321,0xAEE408,0xB5F501,0xBCFF03,0x789812,0x090013,0xB0B3AC,0xFFFFFF,0xF0F6EE,0xECD7F0,0xB80CD1,0xB603D3,0xBC06D7,0xB805D3,0xBC08D7,0xBF00DE,0xC200DB
0xB90BD2,0xB703D0,0xB906D1,0xB705CE,0xBA08D0,0xB605D2,0xB613D0,0xEEDBEE,0xC5C8C3,0x1F1C1E,0x3D512B,0x568E36,0xABC23B,0xECF443,0xDFE93E,0xE2ED3F,0xE6EE40,0xD6E936,0xC0E913,0xB7D629,0xAFC93E,0xD1DF3F,0xE7EB43,0xE8F040,0xCED83D,0x42602C,0x73912C,0xD3F327,0xD5E635,0xE8EF40,0xE0EA3D,0xE2EC3E,0xE6EC40,0xD2DE3E,0xB1CC40,0x9EBC3A,0x88AB37,0xC7D73E,0xE9F23D,0xE1E943,0xE0ED3C,0xDCEC2D,0xD1E71D,0xD2F702,0x8FA314,0x606D19,0x353626,0x292921,0x759816,0x7DA710,0x93C913,0x68901F,0x2D3F26,0x7B8576,0xA8A5A9,0xDBE0DA,0xE5D3E8,0xB90FCF,0xB606CF,0xBB06D2,0xB805CD,0xBA05D2,0x9F42AE,0x9B5AA7
0xBB0ADA,0xBA02D6,0xBD05D6,0xBA04D5,0xBD07D7,0xB700D4,0xB801CD,0xFFEBFF,0xD3D8D1,0x100A18,0x334729,0x4C8837,0xB1C73C,0xFDFF44,0xE5ED3F,0xE9EF42,0xECF242,0xEAEE43,0xFFFF4A,0xA1BC3C,0x37702B,0xB7D03D,0xF2F641,0xEDF541,0xCBD13D,0x0E0920,0x4A5F17,0xBDFF00,0xCCEE1E,0xEEF445,0xE8EE40,0xEBF142,0xF9FF47,0xC2DA40,0x397128,0x9AB837,0xFEFF46,0xE6ED3F,0xE8F43E,0xE9ED43,0xE4F034,0xCEEF03,0xCBEE03,0xCFF402,0xD0F203,0xE5FF0A,0x4E5A20,0x1D2027,0x110D1A,0x1D2B1F,0x5C8F3D,0x568E37,0x669D3C,0x2F4221,0x0E0911,0xDAE0D9,0xFDE6FF,0xB600D1,0xB600D6,0xBD06DA,0xB905D5,0xBD01DA,0x73BB74,0x5EFF54
0xB80BD3,0xB603D0,0xB905D1,0xB409D1,0xB702D2,0xD078DE,0xD9A8DF,0x6B6877,0x6F7155,0xA7A73A,0xA8B335,0xBCD33B,0x94B537,0x81A639,0xD1E13F,0xE1EF3F,0xC2E915,0xADD520,0x81A536,0x9CB935,0xB9CF42,0xD2E03E,0xE8ED3F,0xE4EC40,0xD9E03B,0xABAE3B,0x8C902B,0x455914,0x9FAE32,0xF2F440,0xC3E622,0xB7E016,0x86AC33,0x91B33A,0xB9CF3B,0xC9D73E,0xE8EE3E,0xDFE842,0xE5EC3E,0xE3E944,0xDFE934,0xCCED02,0xC7EB05,0xCCEE04,0xC4E702,0xD0F307,0x49511B,0x23222B,0xA9A6A4,0x939C8B,0x304123,0x44632D,0x5C9237,0x4D7530,0x4B6B37,0x5F6759,0x736973,0xD7ADE3,0xD06FDC,0xB702D1,0xB605D1,0xBA02D2,0xA335B7,0x9F4FA6
0xBF0BD2,0xBB06D5,0xBB09DC,0xBE07D0,0xBD00D7,0xE9C2EA,0xF6FFED,0x222629,0x3F3D1A,0xFFFF4A,0xECF943,0xFFFF47,0x8EAF35,0x467F2D,0xD1E144,0xE8F53F,0xB4EE00,0x93D312,0x457D34,0x9EBC3F,0xFFFF4A,0xE8F041,0xECF148,0xEAEF44,0xE9F040,0xFFFF4A,0xB1B336,0x010325,0x8F9237,0xFCFF49,0xB9EA12,0xA3E104,0x4D8834,0x7DA437,0xFEFF44,0xEBF048,0xEDF446,0xE9EF42,0xEDF146,0xEAF348,0xE6F239,0xD2F005,0xCFF004,0xD3F306,0xCEEB03,0xDAFB0C,0x4A541B,0x27252F,0xFDFBF7,0xD5D3D3,0x16111C,0x3B4D2F,0x62953A,0x5A9033,0x62993C,0x1E2A16,0x2E2A34,0xF9FFF1,0xE3BBEA,0xBA00D3,0xBD07D6,0xBD08D5,0xBF00DA,0xC400D9
